model,model_label,segment,segment_label,segment_hex,device,dvfs_mode,dvfs_mode_label,condition_tag,capacity_ips,lambda_frac,load_group_pct,target_rps,n_runs,p95_latency_ms,ac_input_energy_j_per_inf,p95_deadline_feasible,deadline_normalized_ac_input_energy_delay_j_per_inf,deadline_normalized_edp_efficiency_inf_per_j,ac_input_energy_efficiency_inf_per_j
mobilenet-v2-050,MobileNet-V2 0.5,Server,Server,D55E00,gpu-server,0,300MHz,dvfs0,230.6,0.25,25,57.65,10,19.57,0.056349,1,0.0110274993,90.68239070303092,17.74654386058315
mobilenet-v2-050,MobileNet-V2 0.5,Server,Server,D55E00,gpu-server,1,420MHz,dvfs1,427.5,0.25,25,106.88,10,20.57,0.053098,1,0.010922258600000002,91.55615487807621,18.83310105842028
mobilenet-v2-050,MobileNet-V2 0.5,Server,Server,D55E00,gpu-server,2,600MHz,dvfs2,491.6,0.25,25,122.9,10,19.91,0.044952,1,0.0089499432,111.73255267139572,22.24595123687489
mobilenet-v2-050,MobileNet-V2 0.5,Server,Server,D55E00,gpu-server,3,810MHz,dvfs3,540.0,0.25,25,135.0,10,19.58,0.051343,1,0.010052959399999999,99.4731959227847,19.476851761681242
mobilenet-v2-050,MobileNet-V2 0.5,Server,Server,D55E00,gpu-server,4,1005MHz,dvfs4,568.6,0.25,25,142.15,10,19.76,0.052616,1,0.010396921600000003,96.18231611941748,19.0056256651969
mobilenet-v2-050,MobileNet-V2 0.5,Server,Server,D55E00,gpu-server,5,1200MHz,dvfs5,607.5,0.25,25,151.88,10,20.44,0.049523,1,0.0101225012,98.7898129367473,20.192637764271147
mobilenet-v2-050,MobileNet-V2 0.5,Server,Server,D55E00,gpu-server,6,1410MHz,dvfs6,562.5,0.25,25,140.62,10,19.825,0.055058,1,0.0109152485,91.6149549870532,18.162664826183295
mobilenet-v2-050,MobileNet-V2 0.5,Server,Server,D55E00,gpu-server,7,1545MHz,dvfs7,585.0,0.25,25,146.25,10,20.06,0.052373,1,0.0105060238,95.1834889237544,19.093807878105128
mobilenet-v2-050,MobileNet-V2 0.5,Server,Server,D55E00,gpu-server,8,1710MHz,dvfs8,562.5,0.25,25,140.62,10,20.135,0.059915,1,0.012063885250000001,82.89203513436932,16.690311274305266
mobilenet-v2-050,MobileNet-V2 0.5,Server,Server,D55E00,gpu-server,9,1800MHz,dvfs9,598.5,0.25,25,149.62,10,20.435,0.069531,1,0.014208659849999998,70.37961430261139,14.382074182738636
mobilenet-v2-050,MobileNet-V2 0.5,Server,Server,D55E00,gpu-server,10,1905MHz,dvfs10,598.5,0.25,25,149.62,10,20.11,0.077083,1,0.0155013913,64.51033850103506,12.973029072558152
mobilenet-v2-050,MobileNet-V2 0.5,Server,Server,D55E00,gpu-server,11,1950MHz,dvfs11,585.0,0.25,25,146.25,10,20.03,0.089034,1,0.017833510200000003,56.07421022474868,11.231664308017162
mobilenet-v2-050,MobileNet-V2 0.5,Server,Server,D55E00,gpu-server,0,300MHz,dvfs0,230.6,0.5,50,115.3,10,19.965,0.06911,1,0.013797811500000002,72.47526174712561,14.46968600781363
mobilenet-v2-050,MobileNet-V2 0.5,Server,Server,D55E00,gpu-server,1,420MHz,dvfs1,427.5,0.5,50,213.75,10,20.545,0.062641,1,0.012869593450000001,77.70253224277259,15.963985249277629
mobilenet-v2-050,MobileNet-V2 0.5,Server,Server,D55E00,gpu-server,2,600MHz,dvfs2,491.6,0.5,50,245.8,10,21.155,0.056309,1,0.01191216895,83.94776838688139,17.759150402244757
mobilenet-v2-050,MobileNet-V2 0.5,Server,Server,D55E00,gpu-server,3,810MHz,dvfs3,540.0,0.5,50,270.0,10,21.995,0.054362,1,0.011956921900000002,83.63356458822399,18.39520253117987
mobilenet-v2-050,MobileNet-V2 0.5,Server,Server,D55E00,gpu-server,4,1005MHz,dvfs4,568.6,0.5,50,284.3,10,21.885,0.056697,1,0.012408138450000002,80.59226644106312,17.637617510626665
mobilenet-v2-050,MobileNet-V2 0.5,Server,Server,D55E00,gpu-server,5,1200MHz,dvfs5,607.5,0.5,50,303.75,10,21.995,0.056448,1,0.0124157376,80.5429393095421,17.715419501133788
mobilenet-v2-050,MobileNet-V2 0.5,Server,Server,D55E00,gpu-server,6,1410MHz,dvfs6,562.5,0.5,50,281.25,10,21.92,0.061135,1,0.013400792000000002,74.622455150412,16.357242168970313
mobilenet-v2-050,MobileNet-V2 0.5,Server,Server,D55E00,gpu-server,7,1545MHz,dvfs7,585.0,0.5,50,292.5,10,21.995,0.059719,1,0.01313519405,76.13134577178172,16.74508950250339
mobilenet-v2-050,MobileNet-V2 0.5,Server,Server,D55E00,gpu-server,8,1710MHz,dvfs8,562.5,0.5,50,281.25,10,22.095,0.067401,1,0.014892250949999998,67.14901618012286,14.836575124998145
mobilenet-v2-050,MobileNet-V2 0.5,Server,Server,D55E00,gpu-server,9,1800MHz,dvfs9,598.5,0.5,50,299.25,10,23.385,0.074464,1,0.0174134064,57.42701784069083,13.429308122045551
mobilenet-v2-050,MobileNet-V2 0.5,Server,Server,D55E00,gpu-server,10,1905MHz,dvfs10,598.5,0.5,50,299.25,10,22.19,0.082234,1,0.0182477246,54.80135315062788,12.160420264124328
mobilenet-v2-050,MobileNet-V2 0.5,Server,Server,D55E00,gpu-server,11,1950MHz,dvfs11,585.0,0.5,50,292.5,10,22.815,0.097419,1,0.022226144850000004,44.9920580806437,10.264938051098861
mobilenet-v2-050,MobileNet-V2 0.5,Server,Server,D55E00,gpu-server,0,300MHz,dvfs0,230.6,0.75,75,172.95,10,23.55,0.090337,1,0.0212743635,47.0049315458956,11.069661379058415
mobilenet-v2-050,MobileNet-V2 0.5,Server,Server,D55E00,gpu-server,1,420MHz,dvfs1,427.5,0.75,75,320.62,10,20.0,0.068326,1,0.013665199999999999,73.17858501888007,14.635717003776016
mobilenet-v2-050,MobileNet-V2 0.5,Server,Server,D55E00,gpu-server,2,600MHz,dvfs2,491.6,0.75,75,368.7,10,19.835,0.061553,1,0.01220903755,81.90653816115096,16.246161844264293
mobilenet-v2-050,MobileNet-V2 0.5,Server,Server,D55E00,gpu-server,3,810MHz,dvfs3,540.0,0.75,75,405.0,10,22.195,0.056753,1,0.012596328349999998,79.3882131533988,17.62021390939686
mobilenet-v2-050,MobileNet-V2 0.5,Server,Server,D55E00,gpu-server,4,1005MHz,dvfs4,568.6,0.75,75,426.45,10,21.48,0.058252,1,0.012512529599999999,79.91989085883961,17.166792556478747
mobilenet-v2-050,MobileNet-V2 0.5,Server,Server,D55E00,gpu-server,5,1200MHz,dvfs5,607.5,0.75,75,455.62,10,21.81,0.058054,1,0.012661577399999999,78.97910097678667,17.22534192303717
mobilenet-v2-050,MobileNet-V2 0.5,Server,Server,D55E00,gpu-server,6,1410MHz,dvfs6,562.5,0.75,75,421.88,10,22.0,0.060326,1,0.01327172,75.34818395807024,16.576600470775453
mobilenet-v2-050,MobileNet-V2 0.5,Server,Server,D55E00,gpu-server,7,1545MHz,dvfs7,585.0,0.75,75,438.75,10,21.585,0.062443,1,0.01347832155,74.19321436206572,16.01460532005189
mobilenet-v2-050,MobileNet-V2 0.5,Server,Server,D55E00,gpu-server,8,1710MHz,dvfs8,562.5,0.75,75,421.88,10,22.085,0.068783,1,0.015190725549999999,65.82964037553822,14.538476076937616
mobilenet-v2-050,MobileNet-V2 0.5,Server,Server,D55E00,gpu-server,9,1800MHz,dvfs9,598.5,0.75,75,448.88,10,21.865,0.078796,1,0.017228745400000002,58.04253164017387,12.690999543124015
mobilenet-v2-050,MobileNet-V2 0.5,Server,Server,D55E00,gpu-server,10,1905MHz,dvfs10,598.5,0.75,75,448.88,10,21.97,0.086599,1,0.019025800299999996,52.56020688916829,11.547477453550272
mobilenet-v2-050,MobileNet-V2 0.5,Server,Server,D55E00,gpu-server,11,1950MHz,dvfs11,585.0,0.75,75,438.75,10,22.515,0.105935,1,0.02385126525,41.92649696015602,9.43975079057913
mobilenet-v2-050,MobileNet-V2 0.5,Server,Server,D55E00,gpu-server,0,300MHz,dvfs0,230.6,1.0,100,230.6,10,62.33,0.10106,1,0.062990698,15.875359882502018,9.895111814763506
mobilenet-v2-050,MobileNet-V2 0.5,Server,Server,D55E00,gpu-server,1,420MHz,dvfs1,427.5,1.0,100,427.5,10,52.335,0.069864,1,0.0365633244,27.34981067531157,14.31352341692431
mobilenet-v2-050,MobileNet-V2 0.5,Server,Server,D55E00,gpu-server,2,600MHz,dvfs2,491.6,1.0,100,491.6,10,31.335,0.060543,1,0.01897114905,52.711620016500795,16.517186132170522
mobilenet-v2-050,MobileNet-V2 0.5,Server,Server,D55E00,gpu-server,3,810MHz,dvfs3,540.0,1.0,100,540.0,10,29.625,0.055869,1,0.01655119125,60.4186118627564,17.899013764341586
mobilenet-v2-050,MobileNet-V2 0.5,Server,Server,D55E00,gpu-server,4,1005MHz,dvfs4,568.6,1.0,100,568.6,10,36.435,0.058064,1,0.021155618400000003,47.268767146981624,17.222375310002757
mobilenet-v2-050,MobileNet-V2 0.5,Server,Server,D55E00,gpu-server,5,1200MHz,dvfs5,607.5,1.0,100,607.5,10,93.085,0.056074,1,0.052196482899999994,19.158378964265427,17.833577058886473
mobilenet-v2-050,MobileNet-V2 0.5,Server,Server,D55E00,gpu-server,6,1410MHz,dvfs6,562.5,1.0,100,562.5,10,35.52,0.060844,1,0.021611788800000004,46.27104258949633,16.4354743277891
mobilenet-v2-050,MobileNet-V2 0.5,Server,Server,D55E00,gpu-server,7,1545MHz,dvfs7,585.0,1.0,100,585.0,10,74.815,0.061545,1,0.046044891750000004,21.71793573605263,16.248273620927776
mobilenet-v2-050,MobileNet-V2 0.5,Server,Server,D55E00,gpu-server,8,1710MHz,dvfs8,562.5,1.0,100,562.5,10,37.805,0.069185,1,0.02615538925,38.23303834027245,14.454000144540002
mobilenet-v2-050,MobileNet-V2 0.5,Server,Server,D55E00,gpu-server,9,1800MHz,dvfs9,598.5,1.0,100,598.5,10,184.04,0.077983,0,0.1435199132,6.967674225154145,12.823307643973687
mobilenet-v2-050,MobileNet-V2 0.5,Server,Server,D55E00,gpu-server,10,1905MHz,dvfs10,598.5,1.0,100,598.5,10,92.935,0.086163,1,0.08007558405000001,12.48820113975803,11.605909729234126
mobilenet-v2-050,MobileNet-V2 0.5,Server,Server,D55E00,gpu-server,11,1950MHz,dvfs11,585.0,1.0,100,585.0,10,44.45,0.107827,1,0.04792910150000001,20.864150770696167,9.274115017574447
mobilenet-v2-050,MobileNet-V2 0.5,Jetson,Jetson,0072B2,jetson,0,MAXN,dvfs0,98.9,0.25,25,24.73,10,20.145,0.039134,1,0.0078835443,126.84649973997101,25.55322737261716
mobilenet-v2-050,MobileNet-V2 0.5,Jetson,Jetson,0072B2,jetson,1,5W,dvfs1,64.1,0.25,25,16.02,10,27.175,0.032868,1,0.008931879,111.95852518826105,30.424729219909942
mobilenet-v2-050,MobileNet-V2 0.5,Jetson,Jetson,0072B2,orin,0,MAXN,dvfs0,718.8,0.25,25,179.7,10,7.26,0.015883,1,0.0011531058,867.2231117040604,62.960397909714786
mobilenet-v2-050,MobileNet-V2 0.5,Jetson,Jetson,0072B2,orin,1,MODE_15W,dvfs1,226.6,0.25,25,56.65,10,12.2,0.012005,1,0.0014646099999999999,682.7756194481808,83.29862557267805
mobilenet-v2-050,MobileNet-V2 0.5,Jetson,Jetson,0072B2,orin,2,MODE_30W,dvfs2,390.6,0.25,25,97.65,10,9.165,0.010063,1,0.00092227395,1084.276531935007,99.37394415184338
mobilenet-v2-050,MobileNet-V2 0.5,Jetson,Jetson,0072B2,orin,3,MODE_50W,dvfs3,484.4,0.25,25,121.1,10,8.445,0.01234,1,0.0010421130000000001,959.5888353758181,81.03727714748784
mobilenet-v2-050,MobileNet-V2 0.5,Jetson,Jetson,0072B2,orin-nano,0,15W,dvfs0,494.2,0.25,25,123.55,10,5.835,0.008757,1,0.0005109709499999999,1957.0584198573326,114.19435879867535
mobilenet-v2-050,MobileNet-V2 0.5,Jetson,Jetson,0072B2,orin-nano,1,25W,dvfs1,618.4,0.25,25,154.6,10,5.065,0.009149,1,0.00046339685,2157.97755207011,109.30156301235108
mobilenet-v2-050,MobileNet-V2 0.5,Jetson,Jetson,0072B2,orin-nano,2,MAXN_SUPER,dvfs2,663.5,0.25,25,165.88,10,4.77,0.009798,1,0.00046736459999999994,2139.657132782415,102.06164523372118
mobilenet-v2-050,MobileNet-V2 0.5,Jetson,Jetson,0072B2,orin-nano,3,7W,dvfs3,268.3,0.25,25,67.08,10,9.975,0.009816,1,0.000979146,1021.2981516546052,101.87449062754686
mobilenet-v2-050,MobileNet-V2 0.5,Jetson,Jetson,0072B2,xavier,0,MODE_15W_2CORE,dvfs0,256.2,0.25,25,64.05,10,12.535,0.02677,1,0.0033556195,298.00756611409605,37.35524841240194
mobilenet-v2-050,MobileNet-V2 0.5,Jetson,Jetson,0072B2,xavier,1,MODE_15W_4CORE,dvfs1,275.0,0.25,25,68.75,10,12.325,0.02544,1,0.00313548,318.930434893541,39.30817610062893
mobilenet-v2-050,MobileNet-V2 0.5,Jetson,Jetson,0072B2,xavier,2,MODE_15W_6CORE,dvfs2,287.5,0.25,25,71.88,10,11.91,0.024455,1,0.0029125905000000002,343.33697098854094,40.891433244735225
mobilenet-v2-050,MobileNet-V2 0.5,Jetson,Jetson,0072B2,xavier,3,MODE_10W_2CORE,dvfs3,218.8,0.25,25,54.7,10,14.26,0.019765,1,0.002818489,354.80003647344375,50.59448520111307
mobilenet-v2-050,MobileNet-V2 0.5,Jetson,Jetson,0072B2,xavier,4,MODE_10W_4CORE,dvfs4,225.6,0.25,25,56.4,10,13.625,0.019103,1,0.00260278375,384.20402770687343,52.34779877506151
mobilenet-v2-050,MobileNet-V2 0.5,Jetson,Jetson,0072B2,xavier,5,MODE_10W_DESKTOP,dvfs5,212.5,0.25,25,53.12,10,13.59,0.025509,1,0.0034666731,288.46100314448455,39.20185032733545
mobilenet-v2-050,MobileNet-V2 0.5,Jetson,Jetson,0072B2,xavier,6,MODE_20W_2CORE,dvfs6,273.1,0.25,25,68.28,10,11.795,0.025723,1,0.00303402785,329.5948651229421,38.87571434125102
mobilenet-v2-050,MobileNet-V2 0.5,Jetson,Jetson,0072B2,xavier,7,MODE_20W_4CORE,dvfs7,287.5,0.25,25,71.88,10,11.89,0.024752,1,0.0029430128,339.7878527745445,40.40077569489334
mobilenet-v2-050,MobileNet-V2 0.5,Jetson,Jetson,0072B2,xavier,8,MODE_20W_6CORE,dvfs8,300.0,0.25,25,75.0,10,11.685,0.024391,1,0.00285008835,350.8663161266562,40.99872903939978
mobilenet-v2-050,MobileNet-V2 0.5,Jetson,Jetson,0072B2,jetson,0,MAXN,dvfs0,98.9,0.5,50,49.45,10,25.405,0.04408,1,0.011198524000000001,89.29748241821868,22.686025408348456
mobilenet-v2-050,MobileNet-V2 0.5,Jetson,Jetson,0072B2,jetson,1,5W,dvfs1,64.1,0.5,50,32.05,10,34.335,0.041368,1,0.014203702800000002,70.40417657851866,24.17327402823438
mobilenet-v2-050,MobileNet-V2 0.5,Jetson,Jetson,0072B2,orin,0,MAXN,dvfs0,718.8,0.5,50,359.4,10,8.385,0.015464,1,0.0012966564,771.2143324939436,64.66632177961718
mobilenet-v2-050,MobileNet-V2 0.5,Jetson,Jetson,0072B2,orin,1,MODE_15W,dvfs1,226.6,0.5,50,113.3,10,15.83,0.01137,1,0.0017998710000000002,555.5953732239699,87.95074758135445
mobilenet-v2-050,MobileNet-V2 0.5,Jetson,Jetson,0072B2,orin,2,MODE_30W,dvfs2,390.6,0.5,50,195.3,10,11.52,0.009606,1,0.0011066112,903.6597496934786,104.10160316468874
mobilenet-v2-050,MobileNet-V2 0.5,Jetson,Jetson,0072B2,orin,3,MODE_50W,dvfs3,484.4,0.5,50,242.2,10,10.005,0.011608,1,0.0011613804000000002,861.0443227731413,86.1474844934528
mobilenet-v2-050,MobileNet-V2 0.5,Jetson,Jetson,0072B2,orin-nano,0,15W,dvfs0,494.2,0.5,50,247.1,10,7.46,0.008557,1,0.0006383522,1566.5333337928498,116.86338670094659
mobilenet-v2-050,MobileNet-V2 0.5,Jetson,Jetson,0072B2,orin-nano,1,25W,dvfs1,618.4,0.5,50,309.2,10,6.175,0.008825,1,0.00054494375,1835.0517828674979,113.31444759206799
mobilenet-v2-050,MobileNet-V2 0.5,Jetson,Jetson,0072B2,orin-nano,2,MAXN_SUPER,dvfs2,663.5,0.5,50,331.75,10,5.825,0.009336,1,0.000543822,1838.8369723917015,107.11225364181662
mobilenet-v2-050,MobileNet-V2 0.5,Jetson,Jetson,0072B2,orin-nano,3,7W,dvfs3,268.3,0.5,50,134.15,10,12.355,0.009108,1,0.0011252934,888.6571271101385,109.79358805445763
mobilenet-v2-050,MobileNet-V2 0.5,Jetson,Jetson,0072B2,xavier,0,MODE_15W_2CORE,dvfs0,256.2,0.5,50,128.1,10,17.38,0.023741,1,0.0041261858,242.35457356282888,42.12122488521966
mobilenet-v2-050,MobileNet-V2 0.5,Jetson,Jetson,0072B2,xavier,1,MODE_15W_4CORE,dvfs1,275.0,0.5,50,137.5,10,15.475,0.023426,1,0.0036251734999999995,275.8488662680559,42.68761205498165
mobilenet-v2-050,MobileNet-V2 0.5,Jetson,Jetson,0072B2,xavier,2,MODE_15W_6CORE,dvfs2,287.5,0.5,50,143.75,10,15.555,0.023407,1,0.00364095885,274.6529255610785,42.72226257102576
mobilenet-v2-050,MobileNet-V2 0.5,Jetson,Jetson,0072B2,xavier,3,MODE_10W_2CORE,dvfs3,218.8,0.5,50,109.4,10,19.65,0.01919,1,0.0037708349999999997,265.19325295325837,52.11047420531527
mobilenet-v2-050,MobileNet-V2 0.5,Jetson,Jetson,0072B2,xavier,4,MODE_10W_4CORE,dvfs4,225.6,0.5,50,112.8,10,17.395,0.018891,1,0.0032860894500000002,304.3130794872306,52.935260176803766
mobilenet-v2-050,MobileNet-V2 0.5,Jetson,Jetson,0072B2,xavier,5,MODE_10W_DESKTOP,dvfs5,212.5,0.5,50,106.25,10,17.755,0.024018,1,0.0042643959,234.4998033601899,41.63544008660171
mobilenet-v2-050,MobileNet-V2 0.5,Jetson,Jetson,0072B2,xavier,6,MODE_20W_2CORE,dvfs6,273.1,0.5,50,136.55,10,15.9,0.02488,1,0.00395592,252.78569839632752,40.19292604501608
mobilenet-v2-050,MobileNet-V2 0.5,Jetson,Jetson,0072B2,xavier,7,MODE_20W_4CORE,dvfs7,287.5,0.5,50,143.75,10,15.525,0.024386,1,0.0037859265000000004,264.1361368214623,41.007135241532026
mobilenet-v2-050,MobileNet-V2 0.5,Jetson,Jetson,0072B2,xavier,8,MODE_20W_6CORE,dvfs8,300.0,0.5,50,150.0,10,15.01,0.024442,1,0.0036687442,272.5728329601175,40.91318222731364
mobilenet-v2-050,MobileNet-V2 0.5,Jetson,Jetson,0072B2,jetson,0,MAXN,dvfs0,98.9,0.75,75,74.18,10,37.485,0.046404,1,0.0173945394,57.48930609798153,21.549866390828377
mobilenet-v2-050,MobileNet-V2 0.5,Jetson,Jetson,0072B2,jetson,1,5W,dvfs1,64.1,0.75,75,48.07,10,47.0,0.034661,1,0.016290669999999997,61.38482947601296,28.850869853726092
mobilenet-v2-050,MobileNet-V2 0.5,Jetson,Jetson,0072B2,orin,0,MAXN,dvfs0,718.8,0.75,75,539.1,10,12.34,0.01502,1,0.001853468,539.5291421270829,66.57789613848202
mobilenet-v2-050,MobileNet-V2 0.5,Jetson,Jetson,0072B2,orin,1,MODE_15W,dvfs1,226.6,0.75,75,169.95,10,24.785,0.01113,1,0.0027585705,362.5065953543692,89.84725965858041
mobilenet-v2-050,MobileNet-V2 0.5,Jetson,Jetson,0072B2,orin,2,MODE_30W,dvfs2,390.6,0.75,75,292.95,10,16.32,0.009351,1,0.0015260832,655.2722682485464,106.94043417816276
mobilenet-v2-050,MobileNet-V2 0.5,Jetson,Jetson,0072B2,orin,3,MODE_50W,dvfs3,484.4,0.75,75,363.3,10,14.35,0.011166,1,0.001602321,624.0946726654646,89.55758552749417
mobilenet-v2-050,MobileNet-V2 0.5,Jetson,Jetson,0072B2,orin-nano,0,15W,dvfs0,494.2,0.75,75,370.65,10,11.23,0.008324,1,0.0009347852,1069.7644763738238,120.1345506967804
mobilenet-v2-050,MobileNet-V2 0.5,Jetson,Jetson,0072B2,orin-nano,1,25W,dvfs1,618.4,0.75,75,463.8,10,9.725,0.008462,1,0.0008229295000000001,1215.1709229040882,118.17537225242259
mobilenet-v2-050,MobileNet-V2 0.5,Jetson,Jetson,0072B2,orin-nano,2,MAXN_SUPER,dvfs2,663.5,0.75,75,497.62,10,9.08,0.008987,1,0.0008160196000000001,1225.4607609915251,111.27183709803049
mobilenet-v2-050,MobileNet-V2 0.5,Jetson,Jetson,0072B2,orin-nano,3,7W,dvfs3,268.3,0.75,75,201.23,10,20.085,0.008873,1,0.0017821420500000002,561.1224986246185,112.70145384875464
mobilenet-v2-050,MobileNet-V2 0.5,Jetson,Jetson,0072B2,xavier,0,MODE_15W_2CORE,dvfs0,256.2,0.75,75,192.15,10,26.395,0.023788,1,0.0062788426,159.26502123177926,42.03800235412813
mobilenet-v2-050,MobileNet-V2 0.5,Jetson,Jetson,0072B2,xavier,1,MODE_15W_4CORE,dvfs1,275.0,0.75,75,206.25,10,24.165,0.023051,1,0.0055702741499999995,179.52437762870255,43.382065853975966
mobilenet-v2-050,MobileNet-V2 0.5,Jetson,Jetson,0072B2,xavier,2,MODE_15W_6CORE,dvfs2,287.5,0.75,75,215.62,10,23.745,0.02301,1,0.0054637245,183.02533372610569,43.4593654932638
mobilenet-v2-050,MobileNet-V2 0.5,Jetson,Jetson,0072B2,xavier,3,MODE_10W_2CORE,dvfs3,218.8,0.75,75,164.1,10,31.57,0.018666,1,0.005892856199999999,169.6969968484892,53.57334190506804
mobilenet-v2-050,MobileNet-V2 0.5,Jetson,Jetson,0072B2,xavier,4,MODE_10W_4CORE,dvfs4,225.6,0.75,75,169.2,10,25.995,0.018405,1,0.0047843797500000005,209.0135090133679,54.33306166802499
mobilenet-v2-050,MobileNet-V2 0.5,Jetson,Jetson,0072B2,xavier,5,MODE_10W_DESKTOP,dvfs5,212.5,0.75,75,159.38,10,26.07,0.023067,1,0.0060135669000000004,166.29065854409967,43.35197468244679
mobilenet-v2-050,MobileNet-V2 0.5,Jetson,Jetson,0072B2,xavier,6,MODE_20W_2CORE,dvfs6,273.1,0.75,75,204.83,10,24.14,0.024456,1,0.0059036784,169.38592047967924,40.88976120379457
mobilenet-v2-050,MobileNet-V2 0.5,Jetson,Jetson,0072B2,xavier,7,MODE_20W_4CORE,dvfs7,287.5,0.75,75,215.62,10,24.055,0.023529,1,0.0056599009499999995,176.68153715658224,42.50074376301585
mobilenet-v2-050,MobileNet-V2 0.5,Jetson,Jetson,0072B2,xavier,8,MODE_20W_6CORE,dvfs8,300.0,0.75,75,225.0,10,23.04,0.023037,1,0.0053077248,188.40464373736935,43.408429917089904
mobilenet-v2-050,MobileNet-V2 0.5,Jetson,Jetson,0072B2,jetson,0,MAXN,dvfs0,98.9,1.0,100,98.9,10,72.11,0.047837,1,0.034495260699999995,28.98948956196757,20.90432092313481
mobilenet-v2-050,MobileNet-V2 0.5,Jetson,Jetson,0072B2,jetson,1,5W,dvfs1,64.1,1.0,100,64.1,10,76.865,0.033042,1,0.0253977333,39.3735924457479,30.264511833424127
mobilenet-v2-050,MobileNet-V2 0.5,Jetson,Jetson,0072B2,orin,0,MAXN,dvfs0,718.8,1.0,100,718.8,10,94.62,0.014839,1,0.0140406618,71.2217140647886,67.38998584810297
mobilenet-v2-050,MobileNet-V2 0.5,Jetson,Jetson,0072B2,orin,1,MODE_15W,dvfs1,226.6,1.0,100,226.6,10,81.42,0.010889,1,0.0088658238,112.79267697605269,91.83579759390211
mobilenet-v2-050,MobileNet-V2 0.5,Jetson,Jetson,0072B2,orin,2,MODE_30W,dvfs2,390.6,1.0,100,390.6,10,75.73,0.008979,1,0.006799796699999999,147.06322028715948,111.37097672346587
mobilenet-v2-050,MobileNet-V2 0.5,Jetson,Jetson,0072B2,orin,3,MODE_50W,dvfs3,484.4,1.0,100,484.4,10,51.955,0.01093,1,0.0056786815,176.09721552441354,91.49130832570906
mobilenet-v2-050,MobileNet-V2 0.5,Jetson,Jetson,0072B2,orin-nano,0,15W,dvfs0,494.2,1.0,100,494.2,10,44.52,0.00816,1,0.0036328320000000003,275.26733964025857,122.54901960784314
mobilenet-v2-050,MobileNet-V2 0.5,Jetson,Jetson,0072B2,orin-nano,1,25W,dvfs1,618.4,1.0,100,618.4,10,40.565,0.008289,1,0.0033624328499999995,297.4037087461836,120.64181445288938
mobilenet-v2-050,MobileNet-V2 0.5,Jetson,Jetson,0072B2,orin-nano,2,MAXN_SUPER,dvfs2,663.5,1.0,100,663.5,10,49.77,0.008719,1,0.0043394463,230.44414675669566,114.69205184080744
mobilenet-v2-050,MobileNet-V2 0.5,Jetson,Jetson,0072B2,orin-nano,3,7W,dvfs3,268.3,1.0,100,268.3,10,66.615,0.008649,1,0.00576153135,173.5649672373995,115.62030292519366
mobilenet-v2-050,MobileNet-V2 0.5,Jetson,Jetson,0072B2,xavier,0,MODE_15W_2CORE,dvfs0,256.2,1.0,100,256.2,10,72.225,0.023478,1,0.016956985499999997,58.972746069753974,42.5930658488798
mobilenet-v2-050,MobileNet-V2 0.5,Jetson,Jetson,0072B2,xavier,1,MODE_15W_4CORE,dvfs1,275.0,1.0,100,275.0,10,81.06,0.022866,1,0.0185351796,53.951459957798306,43.733053441791306
mobilenet-v2-050,MobileNet-V2 0.5,Jetson,Jetson,0072B2,xavier,2,MODE_15W_6CORE,dvfs2,287.5,1.0,100,287.5,10,81.765,0.022713,1,0.01857128445,53.846571716260584,44.027649363800464
mobilenet-v2-050,MobileNet-V2 0.5,Jetson,Jetson,0072B2,xavier,3,MODE_10W_2CORE,dvfs3,218.8,1.0,100,218.8,10,87.23,0.018434,1,0.0160799782,62.189139037514366,54.247585982423786
mobilenet-v2-050,MobileNet-V2 0.5,Jetson,Jetson,0072B2,xavier,4,MODE_10W_4CORE,dvfs4,225.6,1.0,100,225.6,10,61.205,0.018006,1,0.0110205723,90.73938927835898,55.537043207819615
mobilenet-v2-050,MobileNet-V2 0.5,Jetson,Jetson,0072B2,xavier,5,MODE_10W_DESKTOP,dvfs5,212.5,1.0,100,212.5,10,86.66,0.023102,1,0.0200201932,49.94956791925465,43.286295558826076
mobilenet-v2-050,MobileNet-V2 0.5,Jetson,Jetson,0072B2,xavier,6,MODE_20W_2CORE,dvfs6,273.1,1.0,100,273.1,10,64.2,0.023815,1,0.015289230000000001,65.40551747864346,41.990342221289104
mobilenet-v2-050,MobileNet-V2 0.5,Jetson,Jetson,0072B2,xavier,7,MODE_20W_4CORE,dvfs7,287.5,1.0,100,287.5,10,73.285,0.023063,1,0.01690171955,59.16557762313599,43.35949356111521
mobilenet-v2-050,MobileNet-V2 0.5,Jetson,Jetson,0072B2,xavier,8,MODE_20W_6CORE,dvfs8,300.0,1.0,100,300.0,10,93.23,0.023079,1,0.0215165517,46.47584863702858,43.32943368430175
mobilenet-v2-050,MobileNet-V2 0.5,SB-NPU,Small-board NPU,009E73,orangepi-npu,0,fixed,dvfs0,234.4,0.25,25,58.6,10,39.63,0.014472,1,0.005735253600000001,174.36020614676914,69.09894969596462
mobilenet-v2-050,MobileNet-V2 0.5,SB-NPU,Small-board NPU,009E73,orangepi-npu,0,fixed,dvfs0,234.4,0.5,50,117.2,10,33.58,0.012986,1,0.0043606988,229.3210436822649,77.00600646850455
mobilenet-v2-050,MobileNet-V2 0.5,SB-NPU,Small-board NPU,009E73,orangepi-npu,0,fixed,dvfs0,234.4,0.75,75,175.8,10,31.43,0.01162,1,0.003652166,273.81011706477744,86.05851979345955
mobilenet-v2-050,MobileNet-V2 0.5,SB-NPU,Small-board NPU,009E73,orangepi-npu,0,fixed,dvfs0,234.4,1.0,100,234.4,10,86.3,0.010828,1,0.009344564000000001,107.01408861879483,92.35315847801994
mobilenet-v2-050,MobileNet-V2 0.5,SB-CPU,Small-board CPU,CC79A7,lattepanda,0,fixed,dvfs0,136.3,0.25,25,34.08,10,12.77,0.182466,1,0.023300908199999998,42.916782102081335,5.4804730744357855
mobilenet-v2-050,MobileNet-V2 0.5,SB-CPU,Small-board CPU,CC79A7,orangepi,0,fixed,dvfs0,98.4,0.25,25,24.6,10,35.5,0.16225,1,0.057598750000000004,17.361487879511273,6.163328197226502
mobilenet-v2-050,MobileNet-V2 0.5,SB-CPU,Small-board CPU,CC79A7,rasp5,0,fixed,dvfs0,42.9,0.25,25,10.72,10,36.935,0.103211,1,0.038120982850000006,26.232272235341906,9.688889750123534
mobilenet-v2-050,MobileNet-V2 0.5,SB-CPU,Small-board CPU,CC79A7,lattepanda,0,fixed,dvfs0,136.3,0.5,50,68.15,10,17.615,0.122053,1,0.021499635949999995,46.5124154811561,8.193161987005645
mobilenet-v2-050,MobileNet-V2 0.5,SB-CPU,Small-board CPU,CC79A7,orangepi,0,fixed,dvfs0,98.4,0.5,50,49.2,10,37.79,0.130071,1,0.0491538309,20.344294263338895,7.688108802115768
mobilenet-v2-050,MobileNet-V2 0.5,SB-CPU,Small-board CPU,CC79A7,rasp5,0,fixed,dvfs0,42.9,0.5,50,21.45,10,45.055,0.104093,1,0.04689910115,21.32237026892359,9.606793924663522
mobilenet-v2-050,MobileNet-V2 0.5,SB-CPU,Small-board CPU,CC79A7,lattepanda,0,fixed,dvfs0,136.3,0.75,75,102.23,10,26.35,0.102854,1,0.027102029,36.89760644857992,9.722519299200808
mobilenet-v2-050,MobileNet-V2 0.5,SB-CPU,Small-board CPU,CC79A7,orangepi,0,fixed,dvfs0,98.4,0.75,75,73.8,10,43.215,0.11109,1,0.0480075435,20.830059759254294,9.001710324961744
mobilenet-v2-050,MobileNet-V2 0.5,SB-CPU,Small-board CPU,CC79A7,rasp5,0,fixed,dvfs0,42.9,0.75,75,32.17,10,57.15,0.103931,1,0.0593965665,16.835990006257347,9.621768288576074
mobilenet-v2-050,MobileNet-V2 0.5,SB-CPU,Small-board CPU,CC79A7,lattepanda,0,fixed,dvfs0,136.3,1.0,100,136.3,10,62.85,0.084627,1,0.0531880695,18.801208793637453,11.81655972680114
mobilenet-v2-050,MobileNet-V2 0.5,SB-CPU,Small-board CPU,CC79A7,orangepi,0,fixed,dvfs0,98.4,1.0,100,98.4,10,72.355,0.098452,1,0.0712349446,14.03805401429343,10.15723398204201
mobilenet-v2-050,MobileNet-V2 0.5,SB-CPU,Small-board CPU,CC79A7,rasp5,0,fixed,dvfs0,42.9,1.0,100,42.9,10,86.63,0.105421,1,0.0913262123,10.949758835010833,9.485776078769884
mobilenet-v2-100,MobileNet-V2 1.0,Server,Server,D55E00,gpu-server,0,300MHz,dvfs0,168.8,0.25,25,42.2,10,19.9,0.075248,1,0.014974351999999998,66.78085302121923,13.289389751222625
mobilenet-v2-100,MobileNet-V2 1.0,Server,Server,D55E00,gpu-server,1,420MHz,dvfs1,307.3,0.25,25,76.83,10,20.695,0.069982,1,0.014482774900000002,69.04754143489448,14.289388699951415
mobilenet-v2-100,MobileNet-V2 1.0,Server,Server,D55E00,gpu-server,2,600MHz,dvfs2,421.9,0.25,25,105.47,10,20.95,0.069556,1,0.014571982,68.62484458188322,14.376904939904536
mobilenet-v2-100,MobileNet-V2 1.0,Server,Server,D55E00,gpu-server,3,810MHz,dvfs3,480.9,0.25,25,120.22,10,21.26,0.072369,1,0.015385649400000001,64.99563157860597,13.81807127361163
mobilenet-v2-100,MobileNet-V2 1.0,Server,Server,D55E00,gpu-server,4,1005MHz,dvfs4,510.1,0.25,25,127.53,10,19.93,0.066963,1,0.013345725899999999,74.93035654208964,14.933620058838464
mobilenet-v2-100,MobileNet-V2 1.0,Server,Server,D55E00,gpu-server,5,1200MHz,dvfs5,590.6,0.25,25,147.65,10,21.445,0.067962,1,0.0145744509,68.61321958963133,14.71410494099644
mobilenet-v2-100,MobileNet-V2 1.0,Server,Server,D55E00,gpu-server,6,1410MHz,dvfs6,548.4,0.25,25,137.1,10,21.18,0.067209,1,0.0142348662,70.25004562389213,14.878959663140352
mobilenet-v2-100,MobileNet-V2 1.0,Server,Server,D55E00,gpu-server,7,1545MHz,dvfs7,547.7,0.25,25,136.93,10,20.605,0.072507,1,0.01494006735,66.93410254271711,13.791771828926862
mobilenet-v2-100,MobileNet-V2 1.0,Server,Server,D55E00,gpu-server,8,1710MHz,dvfs8,534.4,0.25,25,133.6,10,20.44,0.088666,1,0.0181233304,55.17749651576181,11.278280287821714
mobilenet-v2-100,MobileNet-V2 1.0,Server,Server,D55E00,gpu-server,9,1800MHz,dvfs9,548.4,0.25,25,137.1,10,20.43,0.097074,1,0.019832218199999998,50.42300311116989,10.301419535612007
mobilenet-v2-100,MobileNet-V2 1.0,Server,Server,D55E00,gpu-server,10,1905MHz,dvfs10,590.6,0.25,25,147.65,10,20.415,0.117275,1,0.023941691249999997,41.768143676984394,8.526966531656363
mobilenet-v2-100,MobileNet-V2 1.0,Server,Server,D55E00,gpu-server,11,1950MHz,dvfs11,562.5,0.25,25,140.62,10,20.07,0.123694,1,0.0248253858,40.28134781293107,8.084466506055266
mobilenet-v2-100,MobileNet-V2 1.0,Server,Server,D55E00,gpu-server,0,300MHz,dvfs0,168.8,0.5,50,84.4,10,21.32,0.105618,1,0.0225177576,44.409395365371545,9.468083091897213
mobilenet-v2-100,MobileNet-V2 1.0,Server,Server,D55E00,gpu-server,1,420MHz,dvfs1,307.3,0.5,50,153.65,10,20.415,0.089902,1,0.0183534933,54.48554036304359,11.123223065115349
mobilenet-v2-100,MobileNet-V2 1.0,Server,Server,D55E00,gpu-server,2,600MHz,dvfs2,421.9,0.5,50,210.95,10,21.57,0.083474,1,0.0180053418,55.53907340986995,11.979778134508948
mobilenet-v2-100,MobileNet-V2 1.0,Server,Server,D55E00,gpu-server,3,810MHz,dvfs3,480.9,0.5,50,240.45,10,22.025,0.078567,1,0.017304381749999997,57.78883143282482,12.727990123079666
mobilenet-v2-100,MobileNet-V2 1.0,Server,Server,D55E00,gpu-server,4,1005MHz,dvfs4,510.1,0.5,50,255.05,10,21.425,0.077305,1,0.016562596250000002,60.37700762040854,12.935773882672532
mobilenet-v2-100,MobileNet-V2 1.0,Server,Server,D55E00,gpu-server,5,1200MHz,dvfs5,590.6,0.5,50,295.3,10,22.83,0.074988,1,0.0171197604,58.41203244877189,13.335467008054621
mobilenet-v2-100,MobileNet-V2 1.0,Server,Server,D55E00,gpu-server,6,1410MHz,dvfs6,548.4,0.5,50,274.2,10,23.195,0.075165,1,0.017434521749999998,57.35746665950273,13.304064391671657
mobilenet-v2-100,MobileNet-V2 1.0,Server,Server,D55E00,gpu-server,7,1545MHz,dvfs7,547.7,0.5,50,273.85,10,22.22,0.084213,1,0.0187121286,53.44127444699157,11.874651182121525
mobilenet-v2-100,MobileNet-V2 1.0,Server,Server,D55E00,gpu-server,8,1710MHz,dvfs8,534.4,0.5,50,267.2,10,22.565,0.097631,1,0.02203043515,45.39174978575037,10.242648339154572
mobilenet-v2-100,MobileNet-V2 1.0,Server,Server,D55E00,gpu-server,9,1800MHz,dvfs9,548.4,0.5,50,274.2,10,22.35,0.105629,1,0.0236080815,42.35837630431765,9.467097104014996
mobilenet-v2-100,MobileNet-V2 1.0,Server,Server,D55E00,gpu-server,10,1905MHz,dvfs10,590.6,0.5,50,295.3,10,22.76,0.129729,1,0.029526320400000007,33.8680874031293,7.70837669295223
mobilenet-v2-100,MobileNet-V2 1.0,Server,Server,D55E00,gpu-server,11,1950MHz,dvfs11,562.5,0.5,50,281.25,10,22.36,0.14043,1,0.031400147999999996,31.846983651159864,7.120985544399345
mobilenet-v2-100,MobileNet-V2 1.0,Server,Server,D55E00,gpu-server,0,300MHz,dvfs0,168.8,0.75,75,126.6,10,27.11,0.139176,1,0.0377306136,26.503677109560712,7.185146864401909
mobilenet-v2-100,MobileNet-V2 1.0,Server,Server,D55E00,gpu-server,1,420MHz,dvfs1,307.3,0.75,75,230.48,10,20.395,0.097922,1,0.019971191899999997,50.072124137968956,10.212209717938768
mobilenet-v2-100,MobileNet-V2 1.0,Server,Server,D55E00,gpu-server,2,600MHz,dvfs2,421.9,0.75,75,316.42,10,20.08,0.08566,1,0.017200528,58.13775018999417,11.67406023815083
mobilenet-v2-100,MobileNet-V2 1.0,Server,Server,D55E00,gpu-server,3,810MHz,dvfs3,480.9,0.75,75,360.67,10,20.925,0.07837,1,0.0163989225,60.97961619124671,12.759984688018376
mobilenet-v2-100,MobileNet-V2 1.0,Server,Server,D55E00,gpu-server,4,1005MHz,dvfs4,510.1,0.75,75,382.58,10,20.275,0.081074,1,0.0164377535,60.83556369183904,12.334410538520364
mobilenet-v2-100,MobileNet-V2 1.0,Server,Server,D55E00,gpu-server,5,1200MHz,dvfs5,590.6,0.75,75,442.95,10,23.205,0.074613,1,0.01731394665,57.756906626485424,13.402490182675942
mobilenet-v2-100,MobileNet-V2 1.0,Server,Server,D55E00,gpu-server,6,1410MHz,dvfs6,548.4,0.75,75,411.3,10,22.905,0.079461,1,0.01820054205,54.94341856703108,12.584790022778469
mobilenet-v2-100,MobileNet-V2 1.0,Server,Server,D55E00,gpu-server,7,1545MHz,dvfs7,547.7,0.75,75,410.78,10,22.715,0.086154,1,0.0195698811,51.098930795241266,11.607122130139054
mobilenet-v2-100,MobileNet-V2 1.0,Server,Server,D55E00,gpu-server,8,1710MHz,dvfs8,534.4,0.75,75,400.8,10,23.0,0.102288,1,0.02352624,42.505729772373314,9.776317847645862
mobilenet-v2-100,MobileNet-V2 1.0,Server,Server,D55E00,gpu-server,9,1800MHz,dvfs9,548.4,0.75,75,411.3,10,22.07,0.108152,1,0.0238691464,41.895088464495736,9.24624602411421
mobilenet-v2-100,MobileNet-V2 1.0,Server,Server,D55E00,gpu-server,10,1905MHz,dvfs10,590.6,0.75,75,442.95,10,22.33,0.14177,1,0.031657240999999996,31.588349723843592,7.0536784933342735
mobilenet-v2-100,MobileNet-V2 1.0,Server,Server,D55E00,gpu-server,11,1950MHz,dvfs11,562.5,0.75,75,421.88,10,22.72,0.15278,1,0.034711616,28.80879991297438,6.545359340227779
mobilenet-v2-100,MobileNet-V2 1.0,Server,Server,D55E00,gpu-server,0,300MHz,dvfs0,168.8,1.0,100,168.8,10,65.52,0.146682,1,0.0961060464,10.405172592762073,6.817469082777709
mobilenet-v2-100,MobileNet-V2 1.0,Server,Server,D55E00,gpu-server,1,420MHz,dvfs1,307.3,1.0,100,307.3,10,42.79,0.102199,1,0.0437309521,22.867098747662528,9.784831554124796
mobilenet-v2-100,MobileNet-V2 1.0,Server,Server,D55E00,gpu-server,2,600MHz,dvfs2,421.9,1.0,100,421.9,10,45.685,0.087388,1,0.0399232078,25.048087443514497,11.443218748569599
mobilenet-v2-100,MobileNet-V2 1.0,Server,Server,D55E00,gpu-server,3,810MHz,dvfs3,480.9,1.0,100,480.9,10,39.375,0.079375,1,0.03125390625,31.996000499937505,12.598425196850393
mobilenet-v2-100,MobileNet-V2 1.0,Server,Server,D55E00,gpu-server,4,1005MHz,dvfs4,510.1,1.0,100,510.1,10,55.87,0.079813,1,0.044591523099999995,22.425787021390175,12.52928720885069
mobilenet-v2-100,MobileNet-V2 1.0,Server,Server,D55E00,gpu-server,5,1200MHz,dvfs5,590.6,1.0,100,590.6,10,316.955,0.073385,0,0.23259742675000003,4.299273702089655,13.626762962458267
mobilenet-v2-100,MobileNet-V2 1.0,Server,Server,D55E00,gpu-server,6,1410MHz,dvfs6,548.4,1.0,100,548.4,10,85.615,0.078302,1,0.06703825729999999,14.916855543021404,12.771065873157774
mobilenet-v2-100,MobileNet-V2 1.0,Server,Server,D55E00,gpu-server,7,1545MHz,dvfs7,547.7,1.0,100,547.7,10,34.295,0.085797,1,0.02942408115,33.98576815031657,11.655419187151066
mobilenet-v2-100,MobileNet-V2 1.0,Server,Server,D55E00,gpu-server,8,1710MHz,dvfs8,534.4,1.0,100,534.4,10,37.255,0.102023,1,0.03800866865,26.309787622619083,9.80171137880674
mobilenet-v2-100,MobileNet-V2 1.0,Server,Server,D55E00,gpu-server,9,1800MHz,dvfs9,548.4,1.0,100,548.4,10,39.54,0.109117,1,0.0431448618,23.17773098070278,9.16447482976988
mobilenet-v2-100,MobileNet-V2 1.0,Server,Server,D55E00,gpu-server,10,1905MHz,dvfs10,590.6,1.0,100,590.6,10,60.65,0.160368,1,0.09726319200000001,10.281381676225472,6.235657986630748
mobilenet-v2-100,MobileNet-V2 1.0,Server,Server,D55E00,gpu-server,11,1950MHz,dvfs11,562.5,1.0,100,562.5,10,39.89,0.163301,1,0.0651407689,15.351369301997908,6.123661214566965
mobilenet-v2-100,MobileNet-V2 1.0,Jetson,Jetson,0072B2,jetson,0,MAXN,dvfs0,49.6,0.25,25,12.4,10,29.825,0.067795,1,0.02021985875,49.45632965907836,14.75035032082012
mobilenet-v2-100,MobileNet-V2 1.0,Jetson,Jetson,0072B2,jetson,1,5W,dvfs1,32.0,0.25,25,8.0,10,41.295,0.075465,1,0.031163271750000002,32.08905688793732,13.251176041873716
mobilenet-v2-100,MobileNet-V2 1.0,Jetson,Jetson,0072B2,orin,0,MAXN,dvfs0,618.8,0.25,25,154.7,10,7.685,0.023491,1,0.00180528335,553.929664282341,42.569494700097906
mobilenet-v2-100,MobileNet-V2 1.0,Jetson,Jetson,0072B2,orin,1,MODE_15W,dvfs1,168.8,0.25,25,42.2,10,14.425,0.018565,1,0.0026780012500000005,373.41282047571855,53.8647993536224
mobilenet-v2-100,MobileNet-V2 1.0,Jetson,Jetson,0072B2,orin,2,MODE_30W,dvfs2,316.4,0.25,25,79.1,10,10.035,0.015266,1,0.0015319431,652.7657587282451,65.5050438883794
mobilenet-v2-100,MobileNet-V2 1.0,Jetson,Jetson,0072B2,orin,3,MODE_50W,dvfs3,409.7,0.25,25,102.42,10,8.715,0.017966,1,0.0015657369,638.6769067012473,55.66069241901369
mobilenet-v2-100,MobileNet-V2 1.0,Jetson,Jetson,0072B2,orin-nano,0,15W,dvfs0,353.9,0.25,25,88.47,10,7.565,0.015997,1,0.00121017305,826.3281024147744,62.51172094767769
mobilenet-v2-100,MobileNet-V2 1.0,Jetson,Jetson,0072B2,orin-nano,1,25W,dvfs1,446.9,0.25,25,111.72,10,6.255,0.016169,1,0.00101137095,988.7568947872193,61.84674376894057
mobilenet-v2-100,MobileNet-V2 1.0,Jetson,Jetson,0072B2,orin-nano,2,MAXN_SUPER,dvfs2,494.8,0.25,25,123.7,10,5.97,0.017013,1,0.0010156761000000001,984.5658473208142,58.77858108505261
mobilenet-v2-100,MobileNet-V2 1.0,Jetson,Jetson,0072B2,orin-nano,3,7W,dvfs3,177.0,0.25,25,44.25,10,12.975,0.018471,1,0.00239661225,417.2556490938407,54.13892046992583
mobilenet-v2-100,MobileNet-V2 1.0,Jetson,Jetson,0072B2,xavier,0,MODE_15W_2CORE,dvfs0,211.2,0.25,25,52.8,10,13.875,0.042072,1,0.00583749,171.30650330878512,23.768777334093937
mobilenet-v2-100,MobileNet-V2 1.0,Jetson,Jetson,0072B2,xavier,1,MODE_15W_4CORE,dvfs1,216.1,0.25,25,54.02,10,13.89,0.040535,1,0.0056303115,177.61006651230574,24.67003823855927
mobilenet-v2-100,MobileNet-V2 1.0,Jetson,Jetson,0072B2,xavier,2,MODE_15W_6CORE,dvfs2,219.4,0.25,25,54.85,10,13.66,0.041128,1,0.005618084799999999,177.9966012616969,24.314335732347793
mobilenet-v2-100,MobileNet-V2 1.0,Jetson,Jetson,0072B2,xavier,3,MODE_10W_2CORE,dvfs3,170.6,0.25,25,42.65,10,16.125,0.034521,1,0.00556651125,179.64573412116968,28.96787462703861
mobilenet-v2-100,MobileNet-V2 1.0,Jetson,Jetson,0072B2,xavier,4,MODE_10W_4CORE,dvfs4,169.8,0.25,25,42.45,10,15.57,0.031675,1,0.0049317975000000005,202.76582726683324,31.570639305445933
mobilenet-v2-100,MobileNet-V2 1.0,Jetson,Jetson,0072B2,xavier,5,MODE_10W_DESKTOP,dvfs5,145.9,0.25,25,36.48,10,17.28,0.042886,1,0.0074107008,134.94000459443726,23.31763279391876
mobilenet-v2-100,MobileNet-V2 1.0,Jetson,Jetson,0072B2,xavier,6,MODE_20W_2CORE,dvfs6,219.4,0.25,25,54.85,10,13.18,0.042161,1,0.005556819799999999,179.95904779924663,23.718602499940705
mobilenet-v2-100,MobileNet-V2 1.0,Jetson,Jetson,0072B2,xavier,7,MODE_20W_4CORE,dvfs7,227.5,0.25,25,56.88,10,13.27,0.041501,1,0.005507182700000001,181.5810468753833,24.095804920363364
mobilenet-v2-100,MobileNet-V2 1.0,Jetson,Jetson,0072B2,xavier,8,MODE_20W_6CORE,dvfs8,235.6,0.25,25,58.9,10,13.295,0.042281,1,0.00562125895,177.8960921200757,23.651285447364064
mobilenet-v2-100,MobileNet-V2 1.0,Jetson,Jetson,0072B2,jetson,0,MAXN,dvfs0,49.6,0.5,50,24.8,10,39.23,0.078343,1,0.030733958899999997,32.53729866867233,12.764382267720155
mobilenet-v2-100,MobileNet-V2 1.0,Jetson,Jetson,0072B2,jetson,1,5W,dvfs1,32.0,0.5,50,16.0,10,50.32,0.070816,1,0.035634611200000006,28.062604482689007,14.12110257568911
mobilenet-v2-100,MobileNet-V2 1.0,Jetson,Jetson,0072B2,orin,0,MAXN,dvfs0,618.8,0.5,50,309.4,10,8.93,0.023127,1,0.0020652411000000002,484.2049676427609,43.239503610498545
mobilenet-v2-100,MobileNet-V2 1.0,Jetson,Jetson,0072B2,orin,1,MODE_15W,dvfs1,168.8,0.5,50,84.4,10,19.065,0.017759,1,0.0033857533500000004,295.3552419877248,56.309476884959736
mobilenet-v2-100,MobileNet-V2 1.0,Jetson,Jetson,0072B2,orin,2,MODE_30W,dvfs2,316.4,0.5,50,158.2,10,12.97,0.014686,1,0.0019047742,524.996611146875,68.0920604657497
mobilenet-v2-100,MobileNet-V2 1.0,Jetson,Jetson,0072B2,orin,3,MODE_50W,dvfs3,409.7,0.5,50,204.85,10,10.535,0.017779,1,0.00187301765,533.8977985605208,56.246133078350866
mobilenet-v2-100,MobileNet-V2 1.0,Jetson,Jetson,0072B2,orin-nano,0,15W,dvfs0,353.9,0.5,50,176.95,10,9.365,0.015357,1,0.00143818305,695.3217811877284,65.11688480823076
mobilenet-v2-100,MobileNet-V2 1.0,Jetson,Jetson,0072B2,orin-nano,1,25W,dvfs1,446.9,0.5,50,223.45,10,8.345,0.015474,1,0.0012913053000000003,774.4102033810284,64.62453147214683
mobilenet-v2-100,MobileNet-V2 1.0,Jetson,Jetson,0072B2,orin-nano,2,MAXN_SUPER,dvfs2,494.8,0.5,50,247.4,10,7.86,0.016562,1,0.0013017732,768.182967662877,60.37918125830214
mobilenet-v2-100,MobileNet-V2 1.0,Jetson,Jetson,0072B2,orin-nano,3,7W,dvfs3,177.0,0.5,50,88.5,10,17.795,0.016288,1,0.0028984496,345.01203677993914,61.39489194499018
mobilenet-v2-100,MobileNet-V2 1.0,Jetson,Jetson,0072B2,xavier,0,MODE_15W_2CORE,dvfs0,211.2,0.5,50,105.6,10,18.63,0.040932,1,0.0076256316,131.13667856705797,24.430763217042898
mobilenet-v2-100,MobileNet-V2 1.0,Jetson,Jetson,0072B2,xavier,1,MODE_15W_4CORE,dvfs1,216.1,0.5,50,108.05,10,17.74,0.039955,1,0.0070880169999999985,141.08318306798645,25.028156676260796
mobilenet-v2-100,MobileNet-V2 1.0,Jetson,Jetson,0072B2,xavier,2,MODE_15W_6CORE,dvfs2,219.4,0.5,50,109.7,10,17.13,0.040469,1,0.0069323397,144.25144226558893,24.710272060095384
mobilenet-v2-100,MobileNet-V2 1.0,Jetson,Jetson,0072B2,xavier,3,MODE_10W_2CORE,dvfs3,170.6,0.5,50,85.3,10,21.12,0.032208,1,0.0068023296,147.00846016047208,31.048186785891705
mobilenet-v2-100,MobileNet-V2 1.0,Jetson,Jetson,0072B2,xavier,4,MODE_10W_4CORE,dvfs4,169.8,0.5,50,84.9,10,19.625,0.032019,1,0.006283728749999999,159.14117871494693,31.231456322808334
mobilenet-v2-100,MobileNet-V2 1.0,Jetson,Jetson,0072B2,xavier,5,MODE_10W_DESKTOP,dvfs5,145.9,0.5,50,72.95,10,22.8,0.040369,1,0.009204132,108.64685556443563,24.77148306869132
mobilenet-v2-100,MobileNet-V2 1.0,Jetson,Jetson,0072B2,xavier,6,MODE_20W_2CORE,dvfs6,219.4,0.5,50,109.7,10,17.52,0.04175,1,0.0073146,136.71287561862576,23.95209580838323
mobilenet-v2-100,MobileNet-V2 1.0,Jetson,Jetson,0072B2,xavier,7,MODE_20W_4CORE,dvfs7,227.5,0.5,50,113.75,10,16.85,0.040858,1,0.006884573000000001,145.25229088281873,24.47501101375496
mobilenet-v2-100,MobileNet-V2 1.0,Jetson,Jetson,0072B2,xavier,8,MODE_20W_6CORE,dvfs8,235.6,0.5,50,117.8,10,16.935,0.040609,1,0.006877134149999999,145.40940720198108,24.625083109655495
mobilenet-v2-100,MobileNet-V2 1.0,Jetson,Jetson,0072B2,jetson,0,MAXN,dvfs0,49.6,0.75,75,37.2,10,52.98,0.084394,1,0.0447119412,22.36538994196029,11.849183591250563
mobilenet-v2-100,MobileNet-V2 1.0,Jetson,Jetson,0072B2,jetson,1,5W,dvfs1,32.0,0.75,75,24.0,10,64.63,0.064409,1,0.04162753669999999,24.02256004737365,15.525780558617585
mobilenet-v2-100,MobileNet-V2 1.0,Jetson,Jetson,0072B2,orin,0,MAXN,dvfs0,618.8,0.75,75,464.1,10,12.855,0.022923,1,0.00294675165,339.3567286201401,43.624307464119006
mobilenet-v2-100,MobileNet-V2 1.0,Jetson,Jetson,0072B2,orin,1,MODE_15W,dvfs1,168.8,0.75,75,126.6,10,28.38,0.018046,1,0.0051214547999999995,195.2570195484299,55.4139421478444
mobilenet-v2-100,MobileNet-V2 1.0,Jetson,Jetson,0072B2,orin,2,MODE_30W,dvfs2,316.4,0.75,75,237.3,10,19.765,0.014147,1,0.0027961545500000003,357.63402276887734,70.6863646002686
mobilenet-v2-100,MobileNet-V2 1.0,Jetson,Jetson,0072B2,orin,3,MODE_50W,dvfs3,409.7,0.75,75,307.27,10,14.975,0.017308,1,0.002591873,385.8213731922822,57.77675063554425
mobilenet-v2-100,MobileNet-V2 1.0,Jetson,Jetson,0072B2,orin-nano,0,15W,dvfs0,353.9,0.75,75,265.42,10,14.56,0.014941,1,0.0021754096,459.6835464916584,66.92992436918547
mobilenet-v2-100,MobileNet-V2 1.0,Jetson,Jetson,0072B2,orin-nano,1,25W,dvfs1,446.9,0.75,75,335.17,10,12.905,0.015326,1,0.0019778202999999996,505.60710697529,65.24859715516116
mobilenet-v2-100,MobileNet-V2 1.0,Jetson,Jetson,0072B2,orin-nano,2,MAXN_SUPER,dvfs2,494.8,0.75,75,371.1,10,12.945,0.01628,1,0.0021074460000000002,474.5080063735915,61.42506142506143
mobilenet-v2-100,MobileNet-V2 1.0,Jetson,Jetson,0072B2,orin-nano,3,7W,dvfs3,177.0,0.75,75,132.75,10,27.635,0.015952,1,0.0044083352,226.84300413453133,62.68806419257773
mobilenet-v2-100,MobileNet-V2 1.0,Jetson,Jetson,0072B2,xavier,0,MODE_15W_2CORE,dvfs0,211.2,0.75,75,158.4,10,30.31,0.041263,1,0.0125068153,79.95640584857762,24.234786612703875
mobilenet-v2-100,MobileNet-V2 1.0,Jetson,Jetson,0072B2,xavier,1,MODE_15W_4CORE,dvfs1,216.1,0.75,75,162.07,10,25.82,0.039614,1,0.0102283348,97.76762489237251,25.24360074721058
mobilenet-v2-100,MobileNet-V2 1.0,Jetson,Jetson,0072B2,xavier,2,MODE_15W_6CORE,dvfs2,219.4,0.75,75,164.55,10,25.015,0.0399,1,0.009980985,100.1905122590606,25.06265664160401
mobilenet-v2-100,MobileNet-V2 1.0,Jetson,Jetson,0072B2,xavier,3,MODE_10W_2CORE,dvfs3,170.6,0.75,75,127.95,10,31.43,0.032086,1,0.0100846298,99.16080409813358,31.16624072804338
mobilenet-v2-100,MobileNet-V2 1.0,Jetson,Jetson,0072B2,xavier,4,MODE_10W_4CORE,dvfs4,169.8,0.75,75,127.35,10,28.29,0.03093,1,0.008750097,114.28444736098353,32.33107015842224
mobilenet-v2-100,MobileNet-V2 1.0,Jetson,Jetson,0072B2,xavier,5,MODE_10W_DESKTOP,dvfs5,145.9,0.75,75,109.43,10,33.65,0.039004,1,0.013124845999999999,76.19137016921951,25.638396061942366
mobilenet-v2-100,MobileNet-V2 1.0,Jetson,Jetson,0072B2,xavier,6,MODE_20W_2CORE,dvfs6,219.4,0.75,75,164.55,10,26.58,0.040302,1,0.010712271599999998,93.35088180549867,24.812664383901545
mobilenet-v2-100,MobileNet-V2 1.0,Jetson,Jetson,0072B2,xavier,7,MODE_20W_4CORE,dvfs7,227.5,0.75,75,170.62,10,25.49,0.040145,1,0.010232960499999999,97.72343008653264,24.90970232905717
mobilenet-v2-100,MobileNet-V2 1.0,Jetson,Jetson,0072B2,xavier,8,MODE_20W_6CORE,dvfs8,235.6,0.75,75,176.7,10,25.565,0.039584,1,0.0101196496,98.81765076134651,25.26273241713824
mobilenet-v2-100,MobileNet-V2 1.0,Jetson,Jetson,0072B2,jetson,0,MAXN,dvfs0,49.6,1.0,100,49.6,10,81.635,0.086872,1,0.0709179572,14.100800974566141,11.51118887558707
mobilenet-v2-100,MobileNet-V2 1.0,Jetson,Jetson,0072B2,jetson,1,5W,dvfs1,32.0,1.0,100,32.0,10,89.95,0.064303,1,0.057840548500000005,17.28890935396299,15.55137396388971
mobilenet-v2-100,MobileNet-V2 1.0,Jetson,Jetson,0072B2,orin,0,MAXN,dvfs0,618.8,1.0,100,618.8,10,68.18,0.022678,1,0.015461860400000003,64.67527025402453,44.09559925919393
mobilenet-v2-100,MobileNet-V2 1.0,Jetson,Jetson,0072B2,orin,1,MODE_15W,dvfs1,168.8,1.0,100,168.8,10,75.045,0.017646,1,0.0132424407,75.51478029272957,56.67006687067891
mobilenet-v2-100,MobileNet-V2 1.0,Jetson,Jetson,0072B2,orin,2,MODE_30W,dvfs2,316.4,1.0,100,316.4,10,81.305,0.014004,1,0.011385952200000002,87.82752486875887,71.4081690945444
mobilenet-v2-100,MobileNet-V2 1.0,Jetson,Jetson,0072B2,orin,3,MODE_50W,dvfs3,409.7,1.0,100,409.7,10,44.775,0.01707,1,0.0076430924999999995,130.8370924465457,58.58230814294084
mobilenet-v2-100,MobileNet-V2 1.0,Jetson,Jetson,0072B2,orin-nano,0,15W,dvfs0,353.9,1.0,100,353.9,10,48.195,0.014693,1,0.0070812913499999994,141.21718067708088,68.05962022731913
mobilenet-v2-100,MobileNet-V2 1.0,Jetson,Jetson,0072B2,orin-nano,1,25W,dvfs1,446.9,1.0,100,446.9,10,55.055,0.015055,1,0.00828853025,120.64865179203514,66.42311524410495
mobilenet-v2-100,MobileNet-V2 1.0,Jetson,Jetson,0072B2,orin-nano,2,MAXN_SUPER,dvfs2,494.8,1.0,100,494.8,10,126.315,0.01612,0,0.020361977999999996,49.11114234579765,62.0347394540943
mobilenet-v2-100,MobileNet-V2 1.0,Jetson,Jetson,0072B2,orin-nano,3,7W,dvfs3,177.0,1.0,100,177.0,10,89.93,0.015776,1,0.0141873568,70.48529293349414,63.387423935091284
mobilenet-v2-100,MobileNet-V2 1.0,Jetson,Jetson,0072B2,xavier,0,MODE_15W_2CORE,dvfs0,211.2,1.0,100,211.2,10,81.475,0.040723,1,0.03317906425,30.139487734347423,24.55614763155956
mobilenet-v2-100,MobileNet-V2 1.0,Jetson,Jetson,0072B2,xavier,1,MODE_15W_4CORE,dvfs1,216.1,1.0,100,216.1,10,71.375,0.039538,1,0.028220247499999997,35.435550308338016,25.292124032576258
mobilenet-v2-100,MobileNet-V2 1.0,Jetson,Jetson,0072B2,xavier,2,MODE_15W_6CORE,dvfs2,219.4,1.0,100,219.4,10,73.315,0.039235,1,0.028765140249999998,34.76430121003843,25.48744743213967
mobilenet-v2-100,MobileNet-V2 1.0,Jetson,Jetson,0072B2,xavier,3,MODE_10W_2CORE,dvfs3,170.6,1.0,100,170.6,10,75.875,0.031325,1,0.023767843749999996,42.07365255840678,31.923383878691144
mobilenet-v2-100,MobileNet-V2 1.0,Jetson,Jetson,0072B2,xavier,4,MODE_10W_4CORE,dvfs4,169.8,1.0,100,169.8,10,55.475,0.030722,1,0.0170430295,58.67501432183756,32.54996419503939
mobilenet-v2-100,MobileNet-V2 1.0,Jetson,Jetson,0072B2,xavier,5,MODE_10W_DESKTOP,dvfs5,145.9,1.0,100,145.9,10,104.94,0.038578,0,0.0404837532,24.70126707520784,25.921509668723104
mobilenet-v2-100,MobileNet-V2 1.0,Jetson,Jetson,0072B2,xavier,6,MODE_20W_2CORE,dvfs6,219.4,1.0,100,219.4,10,66.135,0.040129,1,0.026539314150000003,37.67994886182844,24.91963417977024
mobilenet-v2-100,MobileNet-V2 1.0,Jetson,Jetson,0072B2,xavier,7,MODE_20W_4CORE,dvfs7,227.5,1.0,100,227.5,10,72.15,0.039894,1,0.028783521000000003,34.742101218263045,25.06642602897679
mobilenet-v2-100,MobileNet-V2 1.0,Jetson,Jetson,0072B2,xavier,8,MODE_20W_6CORE,dvfs8,235.6,1.0,100,235.6,10,75.155,0.03987,1,0.0299642985,33.37304893021273,25.081514923501377
mobilenet-v2-100,MobileNet-V2 1.0,SB-NPU,Small-board NPU,009E73,orangepi-npu,0,fixed,dvfs0,155.6,0.25,25,38.9,10,41.27,0.021476,1,0.0088631452,112.82676492764668,46.56360588563979
mobilenet-v2-100,MobileNet-V2 1.0,SB-NPU,Small-board NPU,009E73,orangepi-npu,0,fixed,dvfs0,155.6,0.5,50,77.8,10,50.965,0.019032,1,0.0096996588,103.09640994794579,52.54308532997057
mobilenet-v2-100,MobileNet-V2 1.0,SB-NPU,Small-board NPU,009E73,orangepi-npu,0,fixed,dvfs0,155.6,0.75,75,116.7,10,54.94,0.016769,1,0.009212888599999998,108.54358968369596,59.63384817222256
mobilenet-v2-100,MobileNet-V2 1.0,SB-NPU,Small-board NPU,009E73,orangepi-npu,0,fixed,dvfs0,155.6,1.0,100,155.6,10,78.595,0.015182,1,0.011932292899999999,83.80618950444973,65.86747464102227
mobilenet-v2-100,MobileNet-V2 1.0,SB-CPU,Small-board CPU,CC79A7,lattepanda,0,fixed,dvfs0,49.1,0.25,25,12.28,10,27.075,0.488967,1,0.13238781524999998,7.553565243988722,2.0451277898099463
mobilenet-v2-100,MobileNet-V2 1.0,SB-CPU,Small-board CPU,CC79A7,orangepi,0,fixed,dvfs0,41.0,0.25,25,10.25,10,52.5,0.283712,1,0.1489488,6.713716391135746,3.5247011053462662
mobilenet-v2-100,MobileNet-V2 1.0,SB-CPU,Small-board CPU,CC79A7,rasp5,0,fixed,dvfs0,12.7,0.25,25,3.17,10,61.085,0.202284,1,0.1235651814,8.092894686593322,4.943544719305531
mobilenet-v2-100,MobileNet-V2 1.0,SB-CPU,Small-board CPU,CC79A7,lattepanda,0,fixed,dvfs0,49.1,0.5,50,24.55,10,33.515,0.324908,1,0.1088929162,9.183333819101081,3.0777943294717276
mobilenet-v2-100,MobileNet-V2 1.0,SB-CPU,Small-board CPU,CC79A7,orangepi,0,fixed,dvfs0,41.0,0.5,50,20.5,10,56.815,0.245053,1,0.13922686195,7.18252200756436,4.0807498785976914
mobilenet-v2-100,MobileNet-V2 1.0,SB-CPU,Small-board CPU,CC79A7,rasp5,0,fixed,dvfs0,12.7,0.5,50,6.35,10,70.965,0.205379,1,0.14574720735000002,6.861194929097898,4.869046981434324
mobilenet-v2-100,MobileNet-V2 1.0,SB-CPU,Small-board CPU,CC79A7,lattepanda,0,fixed,dvfs0,49.1,0.75,75,36.83,10,42.46,0.269023,1,0.11422716580000002,8.754484916056631,3.7171542953576457
mobilenet-v2-100,MobileNet-V2 1.0,SB-CPU,Small-board CPU,CC79A7,orangepi,0,fixed,dvfs0,41.0,0.75,75,30.75,10,65.905,0.223934,1,0.1475837027,6.7758159045023065,4.465601471862246
mobilenet-v2-100,MobileNet-V2 1.0,SB-CPU,Small-board CPU,CC79A7,rasp5,0,fixed,dvfs0,12.7,0.75,75,9.52,10,84.055,0.208528,1,0.1752782104,5.705215712311952,4.79551906698381
mobilenet-v2-100,MobileNet-V2 1.0,SB-CPU,Small-board CPU,CC79A7,lattepanda,0,fixed,dvfs0,49.1,1.0,100,49.1,10,75.975,0.233648,1,0.17751406799999997,5.633356337707275,4.279942477573101
mobilenet-v2-100,MobileNet-V2 1.0,SB-CPU,Small-board CPU,CC79A7,orangepi,0,fixed,dvfs0,41.0,1.0,100,41.0,10,82.495,0.204604,1,0.1687880698,5.924589345591296,4.887489980645539
mobilenet-v2-100,MobileNet-V2 1.0,SB-CPU,Small-board CPU,CC79A7,rasp5,0,fixed,dvfs0,12.7,1.0,100,12.7,10,92.005,0.211294,1,0.19440104470000003,5.144005278074516,4.732742056092459
efficientnet-b4,EfficientNet-B4,Server,Server,D55E00,gpu-server,0,300MHz,dvfs0,5.4,0.25,25,1.35,10,40.095,1.247495,1,0.50018312025,1.9992677871659945,0.8016064192642055
efficientnet-b4,EfficientNet-B4,Server,Server,D55E00,gpu-server,1,420MHz,dvfs1,42.2,0.25,25,10.55,10,40.815,0.562616,1,0.2296317204,4.3547990593724615,1.77741123608287
efficientnet-b4,EfficientNet-B4,Server,Server,D55E00,gpu-server,2,600MHz,dvfs2,59.1,0.25,25,14.78,10,38.495,0.545516,1,0.2099963842,4.761986754246219,1.833126801047082
efficientnet-b4,EfficientNet-B4,Server,Server,D55E00,gpu-server,3,810MHz,dvfs3,75.9,0.25,25,18.98,10,39.425,0.514971,1,0.20302731674999996,4.9254455804652215,1.9418569200984135
efficientnet-b4,EfficientNet-B4,Server,Server,D55E00,gpu-server,4,1005MHz,dvfs4,88.2,0.25,25,22.05,10,38.675,0.50104,1,0.19377721999999997,5.16056531309511,1.9958486348395337
efficientnet-b4,EfficientNet-B4,Server,Server,D55E00,gpu-server,5,1200MHz,dvfs5,112.5,0.25,25,28.12,10,37.91,0.48698,1,0.184614118,5.416703829768859,2.0534724218653744
efficientnet-b4,EfficientNet-B4,Server,Server,D55E00,gpu-server,6,1410MHz,dvfs6,117.6,0.25,25,29.4,10,38.89,0.528785,1,0.2056444865,4.862761054379155,1.8911277740480537
efficientnet-b4,EfficientNet-B4,Server,Server,D55E00,gpu-server,7,1545MHz,dvfs7,129.4,0.25,25,32.35,10,39.4,0.582635,1,0.22955819,4.35619395674796,1.7163404189586962
efficientnet-b4,EfficientNet-B4,Server,Server,D55E00,gpu-server,8,1710MHz,dvfs8,129.4,0.25,25,32.35,10,39.03,0.68546,1,0.267535038,3.7378281643991618,1.4588743325649929
efficientnet-b4,EfficientNet-B4,Server,Server,D55E00,gpu-server,9,1800MHz,dvfs9,133.6,0.25,25,33.4,10,39.0,0.813136,1,0.31712304,3.1533501949274956,1.2298065760217234
efficientnet-b4,EfficientNet-B4,Server,Server,D55E00,gpu-server,10,1905MHz,dvfs10,118.1,0.25,25,29.52,10,38.58,1.080951,1,0.41703089579999997,2.3979038725216677,0.9251113140188594
efficientnet-b4,EfficientNet-B4,Server,Server,D55E00,gpu-server,11,1950MHz,dvfs11,118.1,0.25,25,29.52,10,38.88,1.194377,1,0.46437377760000004,2.153437700914661,0.83725657811562
efficientnet-b4,EfficientNet-B4,Server,Server,D55E00,gpu-server,0,300MHz,dvfs0,5.4,0.5,50,2.7,10,56.295,0.948377,1,0.53388883215,1.8730491064458952,1.0544329944737167
efficientnet-b4,EfficientNet-B4,Server,Server,D55E00,gpu-server,1,420MHz,dvfs1,42.2,0.5,50,21.1,10,47.23,0.637916,1,0.3012877268,3.3190864115876093,1.5676045121928277
efficientnet-b4,EfficientNet-B4,Server,Server,D55E00,gpu-server,2,600MHz,dvfs2,59.1,0.5,50,29.55,10,42.985,0.595001,1,0.25576117985,3.909897509021833,1.6806694442530348
efficientnet-b4,EfficientNet-B4,Server,Server,D55E00,gpu-server,3,810MHz,dvfs3,75.9,0.5,50,37.95,10,41.21,0.555786,1,0.22903941060000002,4.366060833724482,1.7992536695778591
efficientnet-b4,EfficientNet-B4,Server,Server,D55E00,gpu-server,4,1005MHz,dvfs4,88.2,0.5,50,44.1,10,40.655,0.552206,1,0.2244993493,4.454355895097465,1.8109183891518745
efficientnet-b4,EfficientNet-B4,Server,Server,D55E00,gpu-server,5,1200MHz,dvfs5,112.5,0.5,50,56.25,10,39.23,0.525262,1,0.20606028259999998,4.852948794315592,1.9038118120100065
efficientnet-b4,EfficientNet-B4,Server,Server,D55E00,gpu-server,6,1410MHz,dvfs6,117.6,0.5,50,58.8,10,38.29,0.55394,1,0.212103626,4.714676589263024,1.8052496660288118
efficientnet-b4,EfficientNet-B4,Server,Server,D55E00,gpu-server,7,1545MHz,dvfs7,129.4,0.5,50,64.7,10,38.345,0.623943,1,0.23925094335,4.179711837278321,1.602710504004372
efficientnet-b4,EfficientNet-B4,Server,Server,D55E00,gpu-server,8,1710MHz,dvfs8,129.4,0.5,50,64.7,10,38.135,0.753322,1,0.2872793447,3.4809324737365985,1.3274535988594518
efficientnet-b4,EfficientNet-B4,Server,Server,D55E00,gpu-server,9,1800MHz,dvfs9,133.6,0.5,50,66.8,10,38.05,0.914824,1,0.34809053199999995,2.872815856996651,1.0931064335872256
efficientnet-b4,EfficientNet-B4,Server,Server,D55E00,gpu-server,10,1905MHz,dvfs10,118.1,0.5,50,59.05,10,37.955,1.424845,1,0.54079991975,1.8491127004276893,0.7018307254473294
efficientnet-b4,EfficientNet-B4,Server,Server,D55E00,gpu-server,11,1950MHz,dvfs11,118.1,0.5,50,59.05,10,37.84,1.389397,1,0.5257478248,1.90205256746504,0.7197366915287711
efficientnet-b4,EfficientNet-B4,Server,Server,D55E00,gpu-server,0,300MHz,dvfs0,5.4,0.75,75,4.05,10,60.58,0.869798,1,0.5269236284,1.8978082327347765,1.1496922273907275
efficientnet-b4,EfficientNet-B4,Server,Server,D55E00,gpu-server,1,420MHz,dvfs1,42.2,0.75,75,31.65,10,61.06,0.671662,1,0.4101168172,2.438329661356789,1.4888440912244552
efficientnet-b4,EfficientNet-B4,Server,Server,D55E00,gpu-server,2,600MHz,dvfs2,59.1,0.75,75,44.33,10,54.665,0.641313,1,0.35057375145,2.852466837188817,1.5593009965492668
efficientnet-b4,EfficientNet-B4,Server,Server,D55E00,gpu-server,3,810MHz,dvfs3,75.9,0.75,75,56.93,10,46.64,0.579155,1,0.27011789199999997,3.702087235302429,1.7266534865450527
efficientnet-b4,EfficientNet-B4,Server,Server,D55E00,gpu-server,4,1005MHz,dvfs4,88.2,0.75,75,66.15,10,48.2,0.574587,1,0.27695093400000004,3.610747887927325,1.7403804819809707
efficientnet-b4,EfficientNet-B4,Server,Server,D55E00,gpu-server,5,1200MHz,dvfs5,112.5,0.75,75,84.38,10,44.9,0.54682,1,0.24552217999999995,4.072951779753667,1.8287553491093962
efficientnet-b4,EfficientNet-B4,Server,Server,D55E00,gpu-server,6,1410MHz,dvfs6,117.6,0.75,75,88.2,10,41.08,0.587196,1,0.2412201168,4.1455912270746405,1.703008876082262
efficientnet-b4,EfficientNet-B4,Server,Server,D55E00,gpu-server,7,1545MHz,dvfs7,129.4,0.75,75,97.05,10,41.375,0.665106,1,0.2751876075,3.6338845672765263,1.5035197397106628
efficientnet-b4,EfficientNet-B4,Server,Server,D55E00,gpu-server,8,1710MHz,dvfs8,129.4,0.75,75,97.05,10,38.99,0.8182,1,0.31901618000000004,3.134637246298918,1.2221950623319482
efficientnet-b4,EfficientNet-B4,Server,Server,D55E00,gpu-server,9,1800MHz,dvfs9,133.6,0.75,75,100.2,10,39.38,1.08696,1,0.428044848,2.3362037989066042,0.9199970560094208
efficientnet-b4,EfficientNet-B4,Server,Server,D55E00,gpu-server,10,1905MHz,dvfs10,118.1,0.75,75,88.57,10,42.24,1.466951,1,0.6196401024,1.613840027665711,0.6816860276859964
efficientnet-b4,EfficientNet-B4,Server,Server,D55E00,gpu-server,11,1950MHz,dvfs11,118.1,0.75,75,88.57,10,40.025,1.399935,1,0.5603239837499999,1.7846817716197751,0.7143188790908149
efficientnet-b4,EfficientNet-B4,Server,Server,D55E00,gpu-server,0,300MHz,dvfs0,5.4,1.0,100,5.4,10,64.795,0.862821,1,0.55906486695,1.788701202877474,1.1589889444044594
efficientnet-b4,EfficientNet-B4,Server,Server,D55E00,gpu-server,1,420MHz,dvfs1,42.2,1.0,100,42.2,10,91.995,0.704489,1,0.64809465555,1.5429844875843923,1.4194685793532618
efficientnet-b4,EfficientNet-B4,Server,Server,D55E00,gpu-server,2,600MHz,dvfs2,59.1,1.0,100,59.1,10,101.095,0.652729,0,0.6598763825499999,1.515435354930631,1.5320293720671212
efficientnet-b4,EfficientNet-B4,Server,Server,D55E00,gpu-server,3,810MHz,dvfs3,75.9,1.0,100,75.9,10,81.64,0.586151,1,0.4785336764,2.0897170864190406,1.706045029352505
efficientnet-b4,EfficientNet-B4,Server,Server,D55E00,gpu-server,4,1005MHz,dvfs4,88.2,1.0,100,88.2,10,90.15,0.593592,1,0.535123188,1.868728588902038,1.6846588228951873
efficientnet-b4,EfficientNet-B4,Server,Server,D55E00,gpu-server,5,1200MHz,dvfs5,112.5,1.0,100,112.5,10,105.9,0.563616,0,0.596869344,1.6754085463635404,1.7742576505989893
efficientnet-b4,EfficientNet-B4,Server,Server,D55E00,gpu-server,6,1410MHz,dvfs6,117.6,1.0,100,117.6,10,68.66,0.600375,1,0.412217475,2.42590394791002,1.6656256506350198
efficientnet-b4,EfficientNet-B4,Server,Server,D55E00,gpu-server,7,1545MHz,dvfs7,129.4,1.0,100,129.4,10,69.855,0.691323,1,0.48292368165000005,2.0707205672401714,1.4465018522456217
efficientnet-b4,EfficientNet-B4,Server,Server,D55E00,gpu-server,8,1710MHz,dvfs8,129.4,1.0,100,129.4,10,50.99,0.907601,1,0.46278574990000004,2.160827121872449,1.1018057494427618
efficientnet-b4,EfficientNet-B4,Server,Server,D55E00,gpu-server,9,1800MHz,dvfs9,133.6,1.0,100,133.6,10,65.185,1.106067,1,0.72098977395,1.386982223785811,0.9041043625747808
efficientnet-b4,EfficientNet-B4,Server,Server,D55E00,gpu-server,10,1905MHz,dvfs10,118.1,1.0,100,118.1,10,141.655,1.218061,0,1.7254443095500003,0.5795608669982529,0.8209769461463752
efficientnet-b4,EfficientNet-B4,Server,Server,D55E00,gpu-server,11,1950MHz,dvfs11,118.1,1.0,100,118.1,10,97.815,1.183837,1,1.15797016155,0.8635801104420954,0.8447108850289355
efficientnet-b4,EfficientNet-B4,Jetson,Jetson,0072B2,orin,0,MAXN,dvfs0,77.5,0.25,25,19.38,10,23.38,0.306061,1,0.0715570618,13.974861108676768,3.267322527208628
efficientnet-b4,EfficientNet-B4,Jetson,Jetson,0072B2,orin,1,MODE_15W,dvfs1,6.6,0.25,25,1.65,10,72.655,0.255292,1,0.1854824026,5.391347027979462,3.9170831831784776
efficientnet-b4,EfficientNet-B4,Jetson,Jetson,0072B2,orin,2,MODE_30W,dvfs2,22.6,0.25,25,5.65,10,47.0,0.218884,1,0.10287547999999999,9.720489274995364,4.568629959247821
efficientnet-b4,EfficientNet-B4,Jetson,Jetson,0072B2,orin,3,MODE_50W,dvfs3,48.8,0.25,25,12.2,10,30.255,0.229695,1,0.06949422225,14.389685467700877,4.3535993382529
efficientnet-b4,EfficientNet-B4,Jetson,Jetson,0072B2,orin-nano,0,15W,dvfs0,18.4,0.25,25,4.6,10,48.815,0.242688,1,0.1184681472,8.441087529728835,4.120516877637131
efficientnet-b4,EfficientNet-B4,Jetson,Jetson,0072B2,orin-nano,1,25W,dvfs1,28.8,0.25,25,7.2,10,44.515,0.243529,1,0.10840693435,9.224502159349182,4.106287136234289
efficientnet-b4,EfficientNet-B4,Jetson,Jetson,0072B2,orin-nano,2,MAXN_SUPER,dvfs2,28.3,0.25,25,7.08,10,41.33,0.26312,1,0.10874749600000001,9.195614030506045,3.800547278808148
efficientnet-b4,EfficientNet-B4,Jetson,Jetson,0072B2,orin-nano,3,7W,dvfs3,2.0,0.25,25,0.5,10,62.425,0.240092,1,0.149877431,6.672118632724629,4.16507005647835
efficientnet-b4,EfficientNet-B4,Jetson,Jetson,0072B2,xavier,0,MODE_15W_2CORE,dvfs0,7.8,0.25,25,1.95,10,61.645,0.613042,1,0.3779097409,2.6461344913165745,1.6312096071721025
efficientnet-b4,EfficientNet-B4,Jetson,Jetson,0072B2,xavier,1,MODE_15W_4CORE,dvfs1,8.4,0.25,25,2.1,10,63.375,0.626924,1,0.39731308500000007,2.516906786495592,1.5950896759415814
efficientnet-b4,EfficientNet-B4,Jetson,Jetson,0072B2,xavier,2,MODE_15W_6CORE,dvfs2,9.2,0.25,25,2.3,10,59.805,0.621396,1,0.37162587779999995,2.6908782723095936,1.6092797507547523
efficientnet-b4,EfficientNet-B4,Jetson,Jetson,0072B2,xavier,3,MODE_10W_2CORE,dvfs3,5.5,0.25,25,1.38,10,59.73,0.470668,1,0.28112999639999997,3.5570732856879874,2.124639873541435
efficientnet-b4,EfficientNet-B4,Jetson,Jetson,0072B2,xavier,4,MODE_10W_4CORE,dvfs4,5.2,0.25,25,1.3,10,62.16,0.498868,1,0.3100963488,3.224804174153501,2.0045382746538163
efficientnet-b4,EfficientNet-B4,Jetson,Jetson,0072B2,xavier,5,MODE_10W_DESKTOP,dvfs5,1.1,0.25,25,0.28,10,72.97,0.902467,1,0.6585301699,1.518533312075669,1.1080737578216155
efficientnet-b4,EfficientNet-B4,Jetson,Jetson,0072B2,xavier,6,MODE_20W_2CORE,dvfs6,8.4,0.25,25,2.1,10,49.27,0.600302,1,0.29576879540000006,3.3810192811164956,1.6658281998060975
efficientnet-b4,EfficientNet-B4,Jetson,Jetson,0072B2,xavier,7,MODE_20W_4CORE,dvfs7,9.7,0.25,25,2.42,10,62.835,0.608537,1,0.38237422395000004,2.615239044279203,1.6432854534728374
efficientnet-b4,EfficientNet-B4,Jetson,Jetson,0072B2,xavier,8,MODE_20W_6CORE,dvfs8,10.7,0.25,25,2.67,10,65.815,0.603046,1,0.3968947249,2.519559815898173,1.6582482928333826
efficientnet-b4,EfficientNet-B4,Jetson,Jetson,0072B2,orin,0,MAXN,dvfs0,77.5,0.5,50,38.75,10,30.18,0.301891,1,0.09111070380000001,10.975658822646476,3.312453832674707
efficientnet-b4,EfficientNet-B4,Jetson,Jetson,0072B2,orin,1,MODE_15W,dvfs1,6.6,0.5,50,3.3,10,78.37,0.265825,1,0.2083270525,4.800144714762861,3.761873412959654
efficientnet-b4,EfficientNet-B4,Jetson,Jetson,0072B2,orin,2,MODE_30W,dvfs2,22.6,0.5,50,11.3,10,55.27,0.222927,1,0.1232117529,8.116108865130837,4.485773369757814
efficientnet-b4,EfficientNet-B4,Jetson,Jetson,0072B2,orin,3,MODE_50W,dvfs3,48.8,0.5,50,24.4,10,36.605,0.234555,1,0.08585885774999999,11.647021940493962,4.263392381317814
efficientnet-b4,EfficientNet-B4,Jetson,Jetson,0072B2,orin-nano,0,15W,dvfs0,18.4,0.5,50,9.2,10,58.755,0.238935,1,0.14038625925,7.123204260462549,4.185238663234771
efficientnet-b4,EfficientNet-B4,Jetson,Jetson,0072B2,orin-nano,1,25W,dvfs1,28.8,0.5,50,14.4,10,55.18,0.239422,1,0.1321130596,7.5692744004847805,4.176725614187502
efficientnet-b4,EfficientNet-B4,Jetson,Jetson,0072B2,orin-nano,2,MAXN_SUPER,dvfs2,28.3,0.5,50,14.15,10,48.32,0.257561,1,0.12445347519999998,8.035131187722753,3.882575389907634
efficientnet-b4,EfficientNet-B4,Jetson,Jetson,0072B2,orin-nano,3,7W,dvfs3,2.0,0.5,50,1.0,10,64.14,0.271188,1,0.17393998319999998,5.749109443400246,3.6874787969969174
efficientnet-b4,EfficientNet-B4,Jetson,Jetson,0072B2,xavier,0,MODE_15W_2CORE,dvfs0,7.8,0.5,50,3.9,10,78.095,0.606731,1,0.47382657445,2.110476815617111,1.6481768691561829
efficientnet-b4,EfficientNet-B4,Jetson,Jetson,0072B2,xavier,1,MODE_15W_4CORE,dvfs1,8.4,0.5,50,4.2,10,78.205,0.59909,1,0.4685183345,2.134388190095472,1.669198284064164
efficientnet-b4,EfficientNet-B4,Jetson,Jetson,0072B2,xavier,2,MODE_15W_6CORE,dvfs2,9.2,0.5,50,4.6,10,79.905,0.597894,1,0.4777472007,2.0931572148089823,1.6725372724931173
efficientnet-b4,EfficientNet-B4,Jetson,Jetson,0072B2,xavier,3,MODE_10W_2CORE,dvfs3,5.5,0.5,50,2.75,10,87.43,0.501852,1,0.4387692036,2.279102525417078,1.9926193379721513
efficientnet-b4,EfficientNet-B4,Jetson,Jetson,0072B2,xavier,4,MODE_10W_4CORE,dvfs4,5.2,0.5,50,2.6,10,83.715,0.503333,1,0.42136522095000006,2.373238108606647,1.9867562826200547
efficientnet-b4,EfficientNet-B4,Jetson,Jetson,0072B2,xavier,5,MODE_10W_DESKTOP,dvfs5,1.1,0.5,50,0.55,10,73.18,0.737069,1,0.5393870942,1.853956111951779,1.356725082726312
efficientnet-b4,EfficientNet-B4,Jetson,Jetson,0072B2,xavier,6,MODE_20W_2CORE,dvfs6,8.4,0.5,50,4.2,10,68.78,0.585619,1,0.4027887482,2.4826909998574784,1.7075948697019734
efficientnet-b4,EfficientNet-B4,Jetson,Jetson,0072B2,xavier,7,MODE_20W_4CORE,dvfs7,9.7,0.5,50,4.85,10,74.13,0.590163,1,0.43748783189999996,2.285777859596739,1.6944471273190627
efficientnet-b4,EfficientNet-B4,Jetson,Jetson,0072B2,xavier,8,MODE_20W_6CORE,dvfs8,10.7,0.5,50,5.35,10,77.68,0.591268,1,0.45929698240000005,2.1772405182690786,1.6912804345914205
efficientnet-b4,EfficientNet-B4,Jetson,Jetson,0072B2,orin,0,MAXN,dvfs0,77.5,0.75,75,58.12,10,43.15,0.303124,1,0.130798006,7.645376489913768,3.2989799553977908
efficientnet-b4,EfficientNet-B4,Jetson,Jetson,0072B2,orin,1,MODE_15W,dvfs1,6.6,0.75,75,4.95,10,89.63,0.250756,1,0.22475260279999998,4.449336681942088,3.9879404680246937
efficientnet-b4,EfficientNet-B4,Jetson,Jetson,0072B2,orin,2,MODE_30W,dvfs2,22.6,0.75,75,16.95,10,69.965,0.219159,1,0.15333459435,6.5216854959514885,4.562897257242459
efficientnet-b4,EfficientNet-B4,Jetson,Jetson,0072B2,orin,3,MODE_50W,dvfs3,48.8,0.75,75,36.6,10,48.855,0.236758,1,0.11566812089999999,8.645424445552656,4.22372211287475
efficientnet-b4,EfficientNet-B4,Jetson,Jetson,0072B2,orin-nano,0,15W,dvfs0,18.4,0.75,75,13.8,10,70.89,0.24131,1,0.171064659,5.845742807694721,4.144047076374788
efficientnet-b4,EfficientNet-B4,Jetson,Jetson,0072B2,orin-nano,1,25W,dvfs1,28.8,0.75,75,21.6,10,71.015,0.241572,1,0.1715523558,5.82912426551475,4.1395525971552996
efficientnet-b4,EfficientNet-B4,Jetson,Jetson,0072B2,orin-nano,2,MAXN_SUPER,dvfs2,28.3,0.75,75,21.23,10,68.405,0.254385,1,0.17401205925,5.7467281538420165,3.9310493936356314
efficientnet-b4,EfficientNet-B4,Jetson,Jetson,0072B2,orin-nano,3,7W,dvfs3,2.0,0.75,75,1.5,10,80.885,0.27864,1,0.22537796400000001,4.436991009467101,3.5888601780074647
efficientnet-b4,EfficientNet-B4,Jetson,Jetson,0072B2,xavier,0,MODE_15W_2CORE,dvfs0,7.8,0.75,75,5.85,10,82.605,0.605163,1,0.49989489615000005,2.000420503793135,1.6524473571583194
efficientnet-b4,EfficientNet-B4,Jetson,Jetson,0072B2,xavier,1,MODE_15W_4CORE,dvfs1,8.4,0.75,75,6.3,10,83.93,0.59634,1,0.500508162,1.997969415731526,1.67689573062347
efficientnet-b4,EfficientNet-B4,Jetson,Jetson,0072B2,xavier,2,MODE_15W_6CORE,dvfs2,9.2,0.75,75,6.9,10,87.035,0.598558,1,0.5209549553,1.919551757453069,1.6706818720992784
efficientnet-b4,EfficientNet-B4,Jetson,Jetson,0072B2,xavier,3,MODE_10W_2CORE,dvfs3,5.5,0.75,75,4.12,10,95.295,0.461265,1,0.43956248175,2.2749894304417624,2.1679511777394773
efficientnet-b4,EfficientNet-B4,Jetson,Jetson,0072B2,xavier,4,MODE_10W_4CORE,dvfs4,5.2,0.75,75,3.9,10,95.66,0.472807,1,0.4522871762,2.2109846412222907,2.1150279077932432
efficientnet-b4,EfficientNet-B4,Jetson,Jetson,0072B2,xavier,5,MODE_10W_DESKTOP,dvfs5,1.1,0.75,75,0.83,10,84.24,0.590919,1,0.49779016559999995,2.0088785779740603,1.6922793140853485
efficientnet-b4,EfficientNet-B4,Jetson,Jetson,0072B2,xavier,6,MODE_20W_2CORE,dvfs6,8.4,0.75,75,6.3,10,79.87,0.588488,1,0.4700253656,2.127544752235814,1.6992699936107447
efficientnet-b4,EfficientNet-B4,Jetson,Jetson,0072B2,xavier,7,MODE_20W_4CORE,dvfs7,9.7,0.75,75,7.27,10,82.79,0.596425,1,0.4937802575,2.0251923498581754,1.6766567464475837
efficientnet-b4,EfficientNet-B4,Jetson,Jetson,0072B2,xavier,8,MODE_20W_6CORE,dvfs8,10.7,0.75,75,8.02,10,87.06,0.591973,1,0.5153716938,1.9403471553252776,1.6892662334261868
efficientnet-b4,EfficientNet-B4,Jetson,Jetson,0072B2,orin,0,MAXN,dvfs0,77.5,1.0,100,77.5,10,78.055,0.305642,1,0.23856886310000003,4.1916618413897275,3.271801650296752
efficientnet-b4,EfficientNet-B4,Jetson,Jetson,0072B2,orin,1,MODE_15W,dvfs1,6.6,1.0,100,6.6,10,99.375,0.250841,1,0.24927324374999998,4.011662001730581,3.986589114219765
efficientnet-b4,EfficientNet-B4,Jetson,Jetson,0072B2,orin,2,MODE_30W,dvfs2,22.6,1.0,100,22.6,10,90.645,0.220813,1,0.20015594385,4.996104441192192,4.528718870718662
efficientnet-b4,EfficientNet-B4,Jetson,Jetson,0072B2,orin,3,MODE_50W,dvfs3,48.8,1.0,100,48.8,10,71.555,0.234065,1,0.16748521075000003,5.970676428814177,4.272317518637985
efficientnet-b4,EfficientNet-B4,Jetson,Jetson,0072B2,orin-nano,0,15W,dvfs0,18.4,1.0,100,18.4,10,95.94,0.232151,1,0.22272566940000002,4.489828238899885,4.30754121240055
efficientnet-b4,EfficientNet-B4,Jetson,Jetson,0072B2,orin-nano,1,25W,dvfs1,28.8,1.0,100,28.8,10,109.19,0.242114,0,0.2643642766,3.7826593398360844,4.13028573316702
efficientnet-b4,EfficientNet-B4,Jetson,Jetson,0072B2,orin-nano,2,MAXN_SUPER,dvfs2,28.3,1.0,100,28.3,10,92.16,0.256056,1,0.2359812096,4.237625536774941,3.9053956946917863
efficientnet-b4,EfficientNet-B4,Jetson,Jetson,0072B2,orin-nano,3,7W,dvfs3,2.0,1.0,100,2.0,10,94.04,0.270451,1,0.25433212040000003,3.931866719890721,3.697527463385234
efficientnet-b4,EfficientNet-B4,Jetson,Jetson,0072B2,xavier,0,MODE_15W_2CORE,dvfs0,7.8,1.0,100,7.8,10,88.94,0.599433,1,0.5331357102,1.8756950263655403,1.6682431564495115
efficientnet-b4,EfficientNet-B4,Jetson,Jetson,0072B2,xavier,1,MODE_15W_4CORE,dvfs1,8.4,1.0,100,8.4,10,91.765,0.58841,1,0.5399544365,1.8520081184664923,1.6994952499107765
efficientnet-b4,EfficientNet-B4,Jetson,Jetson,0072B2,xavier,2,MODE_15W_6CORE,dvfs2,9.2,1.0,100,9.2,10,102.48,0.591162,0,0.6058228176,1.6506476331835012,1.6915836944864522
efficientnet-b4,EfficientNet-B4,Jetson,Jetson,0072B2,xavier,3,MODE_10W_2CORE,dvfs3,5.5,1.0,100,5.5,10,100.755,0.474526,0,0.4781086713,2.0915746984486874,2.107366087421975
efficientnet-b4,EfficientNet-B4,Jetson,Jetson,0072B2,xavier,4,MODE_10W_4CORE,dvfs4,5.2,1.0,100,5.2,10,98.615,0.474353,1,0.46778321095000003,2.137742391329404,2.1081346592094916
efficientnet-b4,EfficientNet-B4,Jetson,Jetson,0072B2,xavier,5,MODE_10W_DESKTOP,dvfs5,1.1,1.0,100,1.1,10,98.11,0.619659,1,0.6079474449,1.6448790243118598,1.6137908107523655
efficientnet-b4,EfficientNet-B4,Jetson,Jetson,0072B2,xavier,6,MODE_20W_2CORE,dvfs6,8.4,1.0,100,8.4,10,85.895,0.583133,1,0.50088209035,1.9964778523049862,1.7148746512373678
efficientnet-b4,EfficientNet-B4,Jetson,Jetson,0072B2,xavier,7,MODE_20W_4CORE,dvfs7,9.7,1.0,100,9.7,10,93.835,0.592916,1,0.5563627286,1.7973885535365461,1.686579549211018
efficientnet-b4,EfficientNet-B4,Jetson,Jetson,0072B2,xavier,8,MODE_20W_6CORE,dvfs8,10.7,1.0,100,10.7,10,104.055,0.59455,0,0.6186590025,1.6163993346237613,1.681944327642755
