device,model,dvfs_mode,dvfs_mode_label,condition_tag,segment,lambda_frac,capacity_ips,capacity_selection,capacity_power_status,capacity_delta_w,target_rps,achieved_rps_median,achieved_target_ratio,n_runs,p95_latency_ms_median,p95_latency_ms_max,warm_idle_w_median,serving_w_median,delta_w_median,marginal_wall_energy_j_per_inf_median,marginal_wall_energy_j_per_inf_min,marginal_wall_energy_j_per_inf_max,flag_slo_median_violation,flag_slo_any_run_violation,flag_low_delta_median,flag_nonpositive_delta_run,flag_nonpositive_energy_run,n_runs_p95_gt_lmax,n_runs_delta_le_zero,n_runs_delta_lt_low,n_runs_energy_le_zero,source_capacity_json
gpu-server,efficientnet-b4,0,300MHz,dvfs0,server,0.25,5.4,confirmed,ok,5.52,1.35,1.31,0.97037,10,40.095,51.6,98.525,100.105,1.615,1.247495,0.852113,1.8,0,0,0,0,0,0,0,0,0,20260514T083629+0900_168_gpu-server_effb4_dvfs0_cuda_v2.json
gpu-server,efficientnet-b4,0,300MHz,dvfs0,server,0.5,5.4,confirmed,ok,5.52,2.7,2.83,1.048148,10,56.295,63.03,98.6,101.225,2.625,0.948377,0.50431,1.158416,0,0,0,0,0,0,0,0,0,20260514T083629+0900_168_gpu-server_effb4_dvfs0_cuda_v2.json
gpu-server,efficientnet-b4,0,300MHz,dvfs0,server,0.75,5.4,confirmed,ok,5.52,4.05,4.21,1.039506,10,60.58,67.44,98.3,101.845,3.645,0.869798,0.59322,1.03012,0,0,0,0,0,0,0,0,0,20260514T083629+0900_168_gpu-server_effb4_dvfs0_cuda_v2.json
gpu-server,efficientnet-b4,0,300MHz,dvfs0,server,1.0,5.4,confirmed,ok,5.52,5.4,5.35,0.990741,10,64.795,69.45,98.375,102.955,4.89,0.862821,0.696154,0.991919,0,0,0,0,0,0,0,0,0,20260514T083629+0900_168_gpu-server_effb4_dvfs0_cuda_v2.json
gpu-server,efficientnet-b4,1,420MHz,dvfs1,server,0.25,42.2,confirmed,ok,29.23,10.55,10.56,1.000948,10,40.815,41.94,99.15,105.035,5.84,0.562616,0.457457,5.21337,0,0,0,0,0,0,0,0,0,20260514T085746+0900_493_gpu-server_effb4_dvfs1_cuda_v2.json
gpu-server,efficientnet-b4,1,420MHz,dvfs1,server,0.5,42.2,confirmed,ok,29.23,21.1,20.975,0.994076,10,47.23,52.33,98.4,111.965,13.44,0.637916,0.606488,0.676937,0,0,0,0,0,0,0,0,0,20260514T085746+0900_493_gpu-server_effb4_dvfs1_cuda_v2.json
gpu-server,efficientnet-b4,1,420MHz,dvfs1,server,0.75,42.2,confirmed,ok,29.23,31.65,31.66,1.000316,10,61.06,70.75,99.05,120.37,21.195,0.671662,0.648249,0.709707,0,0,0,0,0,0,0,0,0,20260514T085746+0900_493_gpu-server_effb4_dvfs1_cuda_v2.json
gpu-server,efficientnet-b4,1,420MHz,dvfs1,server,1.0,42.2,confirmed,ok,29.23,42.2,42.22,1.000474,10,91.995,119.12,99.65,129.775,30.325,0.704489,0.685491,0.729316,0,1,0,0,0,2,0,0,0,20260514T085746+0900_493_gpu-server_effb4_dvfs1_cuda_v2.json
gpu-server,efficientnet-b4,2,600MHz,dvfs2,server,0.25,59.1,confirmed,ok,39.88,14.78,14.605,0.98816,10,38.495,41.31,98.925,106.935,8.04,0.545516,0.48968,3.706186,0,0,0,0,0,0,0,0,0,20260514T091256+0900_302_gpu-server_effb4_dvfs2_cuda_v2.json
gpu-server,efficientnet-b4,2,600MHz,dvfs2,server,0.5,59.1,confirmed,ok,39.88,29.55,29.335,0.992724,10,42.985,47.14,98.8,116.365,17.495,0.595001,0.572449,0.629937,0,0,0,0,0,0,0,0,0,20260514T091256+0900_302_gpu-server_effb4_dvfs2_cuda_v2.json
gpu-server,efficientnet-b4,2,600MHz,dvfs2,server,0.75,59.1,confirmed,ok,39.88,44.33,44.7,1.008346,10,54.665,60.77,99.0,127.775,28.765,0.641313,0.621518,0.671302,0,0,0,0,0,0,0,0,0,20260514T091256+0900_302_gpu-server_effb4_dvfs2_cuda_v2.json
gpu-server,efficientnet-b4,2,600MHz,dvfs2,server,1.0,59.1,confirmed,ok,39.88,59.1,59.485,1.006514,10,101.095,111.85,99.775,138.93,38.985,0.652729,0.640178,0.671365,1,1,0,0,0,5,0,0,0,20260514T091256+0900_302_gpu-server_effb4_dvfs2_cuda_v2.json
gpu-server,efficientnet-b4,3,810MHz,dvfs3,server,0.25,75.9,confirmed,ok,47.46,18.98,18.63,0.98156,10,39.425,40.9,99.15,108.76,9.66,0.514971,0.4464,2.941649,0,0,0,0,0,0,0,0,0,20260514T092642+0900_124_gpu-server_effb4_dvfs3_cuda_v2.json
gpu-server,efficientnet-b4,3,810MHz,dvfs3,server,0.5,75.9,confirmed,ok,47.46,37.95,37.565,0.989855,10,41.21,42.23,99.4,120.19,20.815,0.555786,0.525333,0.579059,0,0,0,0,0,0,0,0,0,20260514T092642+0900_124_gpu-server_effb4_dvfs3_cuda_v2.json
gpu-server,efficientnet-b4,3,810MHz,dvfs3,server,0.75,75.9,confirmed,ok,47.46,56.93,56.505,0.992535,10,46.64,48.79,99.65,132.155,32.265,0.579155,0.5569,0.58875,0,0,0,0,0,0,0,0,0,20260514T092642+0900_124_gpu-server_effb4_dvfs3_cuda_v2.json
gpu-server,efficientnet-b4,3,810MHz,dvfs3,server,1.0,75.9,confirmed,ok,47.46,75.9,76.115,1.002833,10,81.64,95.9,100.6,145.495,44.91,0.586151,0.571051,0.606981,0,0,0,0,0,0,0,0,0,20260514T092642+0900_124_gpu-server_effb4_dvfs3_cuda_v2.json
gpu-server,efficientnet-b4,4,1005MHz,dvfs4,server,0.25,88.2,confirmed,ok,52.87,22.05,21.815,0.989342,10,38.675,40.65,99.775,110.95,11.015,0.50104,0.463931,0.552313,0,0,0,0,0,0,0,0,0,20260514T094010+0900_638_gpu-server_effb4_dvfs4_cuda_v2.json
gpu-server,efficientnet-b4,4,1005MHz,dvfs4,server,0.5,88.2,confirmed,ok,52.87,44.1,43.88,0.995011,10,40.655,42.13,99.6,124.005,24.375,0.552206,0.524759,1.544047,0,0,0,0,0,0,0,0,0,20260514T094010+0900_638_gpu-server_effb4_dvfs4_cuda_v2.json
gpu-server,efficientnet-b4,4,1005MHz,dvfs4,server,0.75,88.2,confirmed,ok,52.87,66.15,66.035,0.998262,10,48.2,50.52,100.35,138.21,37.725,0.574587,0.552802,0.593885,0,0,0,0,0,0,0,0,0,20260514T094010+0900_638_gpu-server_effb4_dvfs4_cuda_v2.json
gpu-server,efficientnet-b4,4,1005MHz,dvfs4,server,1.0,88.2,confirmed,ok,52.87,88.2,88.66,1.005215,10,90.15,112.17,100.95,153.825,52.78,0.593592,0.583053,0.605701,0,1,0,0,0,4,0,0,0,20260514T094010+0900_638_gpu-server_effb4_dvfs4_cuda_v2.json
gpu-server,efficientnet-b4,5,1200MHz,dvfs5,server,0.25,112.5,confirmed,ok,63.21,28.12,27.985,0.995199,10,37.91,39.76,100.975,114.62,13.685,0.48698,0.43099,0.507277,0,0,0,0,0,0,0,0,0,20260514T095159+0900_494_gpu-server_effb4_dvfs5_cuda_v2.json
gpu-server,efficientnet-b4,5,1200MHz,dvfs5,server,0.5,112.5,confirmed,ok,63.21,56.25,56.2,0.999111,10,39.23,39.63,100.85,130.675,29.49,0.525262,0.50233,0.535781,0,0,0,0,0,0,0,0,0,20260514T095159+0900_494_gpu-server_effb4_dvfs5_cuda_v2.json
gpu-server,efficientnet-b4,5,1200MHz,dvfs5,server,0.75,112.5,confirmed,ok,63.21,84.38,83.87,0.993956,10,44.9,48.78,102.225,148.305,45.88,0.54682,0.533484,0.562789,0,0,0,0,0,0,0,0,0,20260514T095159+0900_494_gpu-server_effb4_dvfs5_cuda_v2.json
gpu-server,efficientnet-b4,5,1200MHz,dvfs5,server,1.0,112.5,confirmed,ok,63.21,112.5,112.29,0.998133,10,105.9,144.78,102.775,166.195,63.19,0.563616,0.558896,0.573796,1,1,0,0,0,6,0,0,0,20260514T095159+0900_494_gpu-server_effb4_dvfs5_cuda_v2.json
gpu-server,efficientnet-b4,6,1410MHz,dvfs6,server,0.25,117.6,confirmed_after_backoff,ok,71.74,29.4,29.62,1.007483,10,38.89,40.17,102.925,118.59,15.755,0.528785,0.512237,0.549451,0,0,0,0,0,0,0,0,0,20260514T100531+0900_157_gpu-server_effb4_dvfs6_cuda_v2.json
gpu-server,efficientnet-b4,6,1410MHz,dvfs6,server,0.5,117.6,confirmed_after_backoff,ok,71.74,58.8,59.14,1.005782,10,38.29,39.25,104.5,137.355,32.72,0.55394,0.531709,0.562627,0,0,0,0,0,0,0,0,0,20260514T100531+0900_157_gpu-server_effb4_dvfs6_cuda_v2.json
gpu-server,efficientnet-b4,6,1410MHz,dvfs6,server,0.75,117.6,confirmed_after_backoff,ok,71.74,88.2,87.79,0.995351,10,41.08,43.39,104.5,155.945,51.33,0.587196,0.574537,0.592789,0,0,0,0,0,0,0,0,0,20260514T100531+0900_157_gpu-server_effb4_dvfs6_cuda_v2.json
gpu-server,efficientnet-b4,6,1410MHz,dvfs6,server,1.0,117.6,confirmed_after_backoff,ok,71.74,117.6,118.225,1.005315,10,68.66,79.96,105.45,176.03,70.645,0.600375,0.583299,0.608929,0,0,0,0,0,0,0,0,0,20260514T100531+0900_157_gpu-server_effb4_dvfs6_cuda_v2.json
gpu-server,efficientnet-b4,7,1545MHz,dvfs7,server,0.25,129.4,confirmed,ok,97.38,32.35,32.22,0.995981,10,39.4,40.83,107.6,126.455,18.675,0.582635,0.550824,0.613263,0,0,0,0,0,0,0,0,0,20260514T102053+0900_176_gpu-server_effb4_dvfs7_cuda_v2.json
gpu-server,efficientnet-b4,7,1545MHz,dvfs7,server,0.5,129.4,confirmed,ok,97.38,64.7,64.265,0.993277,10,38.345,39.89,108.375,148.23,39.995,0.623943,0.615121,0.635971,0,0,0,0,0,0,0,0,0,20260514T102053+0900_176_gpu-server_effb4_dvfs7_cuda_v2.json
gpu-server,efficientnet-b4,7,1545MHz,dvfs7,server,0.75,129.4,confirmed,ok,97.38,97.05,96.05,0.989696,10,41.375,45.7,108.925,172.43,63.975,0.665106,0.647747,1.165825,0,0,0,0,0,0,0,0,0,20260514T102053+0900_176_gpu-server_effb4_dvfs7_cuda_v2.json
gpu-server,efficientnet-b4,7,1545MHz,dvfs7,server,1.0,129.4,confirmed,ok,97.38,129.4,129.775,1.002898,10,69.855,81.25,111.4,200.68,89.905,0.691323,0.686009,0.700192,0,0,0,0,0,0,0,0,0,20260514T102053+0900_176_gpu-server_effb4_dvfs7_cuda_v2.json
gpu-server,efficientnet-b4,8,1710MHz,dvfs8,server,0.25,129.4,confirmed,ok,131.29,32.35,32.365,1.000464,10,39.03,40.25,113.8,136.185,22.465,0.68546,0.61675,0.726493,0,0,0,0,0,0,0,0,0,20260514T103248+0900_338_gpu-server_effb4_dvfs8_cuda_v2.json
gpu-server,efficientnet-b4,8,1710MHz,dvfs8,server,0.5,129.4,confirmed,ok,131.29,64.7,64.885,1.002859,10,38.135,38.87,115.4,164.565,48.775,0.753322,0.728935,0.791093,0,0,0,0,0,0,0,0,0,20260514T103248+0900_338_gpu-server_effb4_dvfs8_cuda_v2.json
gpu-server,efficientnet-b4,8,1710MHz,dvfs8,server,0.75,129.4,confirmed,ok,131.29,97.05,96.335,0.992633,10,38.99,41.08,118.7,196.785,79.355,0.8182,0.804798,1.384087,0,0,0,0,0,0,0,0,0,20260514T103248+0900_338_gpu-server_effb4_dvfs8_cuda_v2.json
gpu-server,efficientnet-b4,8,1710MHz,dvfs8,server,1.0,129.4,confirmed,ok,131.29,129.4,129.025,0.997102,10,50.99,58.25,123.5,240.98,117.685,0.907601,0.862553,0.924923,0,0,0,0,0,0,0,0,0,20260514T103248+0900_338_gpu-server_effb4_dvfs8_cuda_v2.json
gpu-server,efficientnet-b4,9,1800MHz,dvfs9,server,0.25,133.6,confirmed_after_backoff,ok,150.02,33.4,33.65,1.007485,10,39.0,40.7,120.55,147.71,27.46,0.813136,0.786294,0.861369,0,0,0,0,0,0,0,0,0,20260514T104439+0900_521_gpu-server_effb4_dvfs9_cuda_v2.json
gpu-server,efficientnet-b4,9,1800MHz,dvfs9,server,0.5,133.6,confirmed_after_backoff,ok,150.02,66.8,66.46,0.99491,10,38.05,40.16,124.125,186.015,60.68,0.914824,0.876761,0.952173,0,0,0,0,0,0,0,0,0,20260514T104439+0900_521_gpu-server_effb4_dvfs9_cuda_v2.json
gpu-server,efficientnet-b4,9,1800MHz,dvfs9,server,0.75,133.6,confirmed_after_backoff,ok,150.02,100.2,100.5,1.002994,10,39.38,41.95,129.55,239.17,108.605,1.08696,1.05001,1.105337,0,0,0,0,0,0,0,0,0,20260514T104439+0900_521_gpu-server_effb4_dvfs9_cuda_v2.json
gpu-server,efficientnet-b4,9,1800MHz,dvfs9,server,1.0,133.6,confirmed_after_backoff,ok,150.02,133.6,132.7,0.993263,10,65.185,91.67,127.675,274.97,147.53,1.106067,1.096351,1.12464,0,0,0,0,0,0,0,0,0,20260514T104439+0900_521_gpu-server_effb4_dvfs9_cuda_v2.json
gpu-server,efficientnet-b4,10,1905MHz,dvfs10,server,0.25,118.1,confirmed,ok,143.93,29.52,29.305,0.992717,10,38.58,39.92,135.775,168.045,32.275,1.080951,1.02983,1.16825,0,0,0,0,0,0,0,0,0,20260514T110015+0900_003_gpu-server_effb4_dvfs10_cuda_v2.json
gpu-server,efficientnet-b4,10,1905MHz,dvfs10,server,0.5,118.1,confirmed,ok,143.93,59.05,58.55,0.991533,10,37.955,39.01,143.525,226.87,83.945,1.424845,1.308064,1.512852,0,0,0,0,0,0,0,0,0,20260514T110015+0900_003_gpu-server_effb4_dvfs10_cuda_v2.json
gpu-server,efficientnet-b4,10,1905MHz,dvfs10,server,0.75,118.1,confirmed,ok,143.93,88.57,88.25,0.996387,10,42.24,45.8,139.6,268.94,129.5,1.466951,1.396879,1.501979,0,0,0,0,0,0,0,0,0,20260514T110015+0900_003_gpu-server_effb4_dvfs10_cuda_v2.json
gpu-server,efficientnet-b4,10,1905MHz,dvfs10,server,1.0,118.1,confirmed,ok,143.93,118.1,118.475,1.003175,10,141.655,213.53,139.325,283.655,143.87,1.218061,1.198153,1.23765,1,1,0,0,0,9,0,0,0,20260514T110015+0900_003_gpu-server_effb4_dvfs10_cuda_v2.json
gpu-server,efficientnet-b4,11,1950MHz,dvfs11,server,0.25,118.1,confirmed,ok,137.61,29.52,29.52,1.0,10,38.88,39.92,140.75,175.65,34.91,1.194377,1.122167,1.248867,0,0,0,0,0,0,0,0,0,20260514T111225+0900_310_gpu-server_effb4_dvfs11_cuda_v2.json
gpu-server,efficientnet-b4,11,1950MHz,dvfs11,server,0.5,118.1,confirmed,ok,137.61,59.05,58.535,0.991279,10,37.84,39.33,145.4,227.15,81.275,1.389397,1.315261,1.452422,0,0,0,0,0,0,0,0,0,20260514T111225+0900_310_gpu-server_effb4_dvfs11_cuda_v2.json
gpu-server,efficientnet-b4,11,1950MHz,dvfs11,server,0.75,118.1,confirmed,ok,137.61,88.57,88.635,1.000734,10,40.025,42.2,142.1,267.27,125.23,1.399935,1.291872,1.455129,0,0,0,0,0,0,0,0,0,20260514T111225+0900_310_gpu-server_effb4_dvfs11_cuda_v2.json
gpu-server,efficientnet-b4,11,1950MHz,dvfs11,server,1.0,118.1,confirmed,ok,137.61,118.1,118.06,0.999661,10,97.815,120.53,141.55,282.125,140.685,1.183837,1.170972,1.210408,0,1,0,0,0,4,0,0,0,20260514T111225+0900_310_gpu-server_effb4_dvfs11_cuda_v2.json
gpu-server,mobilenet-v2-050,0,300MHz,dvfs0,server,0.25,230.6,confirmed,ok,27.6,57.65,57.585,0.998873,10,19.57,19.95,98.0,101.11,3.3,0.056349,0.032707,0.072569,0,0,0,0,0,0,0,0,0,20260508T075525+0900_374_gpu-server_mob050_dvfs0_cuda_v2.json
gpu-server,mobilenet-v2-050,0,300MHz,dvfs0,server,0.5,230.6,confirmed,ok,27.6,115.3,114.685,0.994666,10,19.965,20.65,99.0,107.065,7.895,0.06911,0.063687,0.081595,0,0,0,0,0,0,0,0,0,20260508T075525+0900_374_gpu-server_mob050_dvfs0_cuda_v2.json
gpu-server,mobilenet-v2-050,0,300MHz,dvfs0,server,0.75,230.6,confirmed,ok,27.6,172.95,172.425,0.996964,10,23.55,24.39,99.425,115.235,15.645,0.090337,0.08656,0.100928,0,0,0,0,0,0,0,0,0,20260508T075525+0900_374_gpu-server_mob050_dvfs0_cuda_v2.json
gpu-server,mobilenet-v2-050,0,300MHz,dvfs0,server,1.0,230.6,confirmed,ok,27.6,230.6,231.52,1.00399,10,62.33,82.11,99.0,122.335,23.215,0.10106,0.094701,0.10468,0,0,0,0,0,0,0,0,0,20260508T075525+0900_374_gpu-server_mob050_dvfs0_cuda_v2.json
gpu-server,mobilenet-v2-050,1,420MHz,dvfs1,server,0.25,427.5,confirmed,ok,30.33,106.88,107.4,1.004865,10,20.57,21.16,98.3,103.875,5.705,0.053098,0.046248,0.061304,0,0,0,0,0,0,0,0,0,20260508T080855+0900_067_gpu-server_mob050_dvfs1_cuda_v2.json
gpu-server,mobilenet-v2-050,1,420MHz,dvfs1,server,0.5,427.5,confirmed,ok,30.33,213.75,214.23,1.002246,10,20.545,21.51,98.8,112.345,13.555,0.062641,0.060109,0.067653,0,0,0,0,0,0,0,0,0,20260508T080855+0900_067_gpu-server_mob050_dvfs1_cuda_v2.json
gpu-server,mobilenet-v2-050,1,420MHz,dvfs1,server,0.75,427.5,confirmed,ok,30.33,320.62,320.305,0.999018,10,20.0,20.83,99.125,121.09,21.91,0.068326,0.067094,0.071188,0,0,0,0,0,0,0,0,0,20260508T080855+0900_067_gpu-server_mob050_dvfs1_cuda_v2.json
gpu-server,mobilenet-v2-050,1,420MHz,dvfs1,server,1.0,427.5,confirmed,ok,30.33,427.5,427.07,0.998994,10,52.335,98.57,99.0,128.665,29.895,0.069864,0.067744,0.072052,0,0,0,0,0,0,0,0,0,20260508T080855+0900_067_gpu-server_mob050_dvfs1_cuda_v2.json
gpu-server,mobilenet-v2-050,2,600MHz,dvfs2,server,0.25,491.6,confirmed_after_backoff,ok,30.66,122.9,122.61,0.99764,10,19.91,20.77,99.575,105.15,5.515,0.044952,0.039091,0.432121,0,0,0,0,0,0,0,0,0,20260508T082232+0900_968_gpu-server_mob050_dvfs2_cuda_v2.json
gpu-server,mobilenet-v2-050,2,600MHz,dvfs2,server,0.5,491.6,confirmed_after_backoff,ok,30.66,245.8,244.845,0.996115,10,21.155,21.6,99.4,113.06,13.805,0.056309,0.050061,0.060387,0,0,0,0,0,0,0,0,0,20260508T082232+0900_968_gpu-server_mob050_dvfs2_cuda_v2.json
gpu-server,mobilenet-v2-050,2,600MHz,dvfs2,server,0.75,491.6,confirmed_after_backoff,ok,30.66,368.7,369.225,1.001424,10,19.835,21.54,99.05,121.67,22.61,0.061553,0.058555,0.063124,0,0,0,0,0,0,0,0,0,20260508T082232+0900_968_gpu-server_mob050_dvfs2_cuda_v2.json
gpu-server,mobilenet-v2-050,2,600MHz,dvfs2,server,1.0,491.6,confirmed_after_backoff,ok,30.66,491.6,489.89,0.996522,10,31.335,39.04,99.325,128.98,29.84,0.060543,0.058191,0.061733,0,0,0,0,0,0,0,0,0,20260508T082232+0900_968_gpu-server_mob050_dvfs2_cuda_v2.json
gpu-server,mobilenet-v2-050,3,810MHz,dvfs3,server,0.25,540.0,confirmed,ok,30.14,135.0,134.73,0.998,10,19.58,20.47,99.2,106.15,7.055,0.051343,0.039754,0.377303,0,0,0,0,0,0,0,0,0,20260508T083747+0900_261_gpu-server_mob050_dvfs3_cuda_v2.json
gpu-server,mobilenet-v2-050,3,810MHz,dvfs3,server,0.5,540.0,confirmed,ok,30.14,270.0,270.425,1.001574,10,21.995,23.38,99.425,114.29,14.79,0.054362,0.050488,0.059415,0,0,0,0,0,0,0,0,0,20260508T083747+0900_261_gpu-server_mob050_dvfs3_cuda_v2.json
gpu-server,mobilenet-v2-050,3,810MHz,dvfs3,server,0.75,540.0,confirmed,ok,30.14,405.0,405.29,1.000716,10,22.195,23.69,99.35,122.395,23.13,0.056753,0.056068,0.059404,0,0,0,0,0,0,0,0,0,20260508T083747+0900_261_gpu-server_mob050_dvfs3_cuda_v2.json
gpu-server,mobilenet-v2-050,3,810MHz,dvfs3,server,1.0,540.0,confirmed,ok,30.14,540.0,540.41,1.000759,10,29.625,46.01,99.925,130.065,30.065,0.055869,0.054424,0.056685,0,0,0,0,0,0,0,0,0,20260508T083747+0900_261_gpu-server_mob050_dvfs3_cuda_v2.json
gpu-server,mobilenet-v2-050,4,1005MHz,dvfs4,server,0.25,568.6,confirmed_after_backoff,ok,33.57,142.15,141.8,0.997538,10,19.76,20.46,99.75,107.29,7.345,0.052616,0.039665,0.056921,0,0,0,0,0,0,0,0,0,20260508T084941+0900_330_gpu-server_mob050_dvfs4_cuda_v2.json
gpu-server,mobilenet-v2-050,4,1005MHz,dvfs4,server,0.5,568.6,confirmed_after_backoff,ok,33.57,284.3,284.29,0.999965,10,21.885,22.87,100.15,116.13,16.015,0.056697,0.053636,0.059701,0,0,0,0,0,0,0,0,0,20260508T084941+0900_330_gpu-server_mob050_dvfs4_cuda_v2.json
gpu-server,mobilenet-v2-050,4,1005MHz,dvfs4,server,0.75,568.6,confirmed_after_backoff,ok,33.57,426.45,425.94,0.998804,10,21.48,22.27,100.175,125.105,24.835,0.058252,0.054936,0.059679,0,0,0,0,0,0,0,0,0,20260508T084941+0900_330_gpu-server_mob050_dvfs4_cuda_v2.json
gpu-server,mobilenet-v2-050,4,1005MHz,dvfs4,server,1.0,568.6,confirmed_after_backoff,ok,33.57,568.6,569.765,1.002049,10,36.435,106.6,100.3,133.265,32.96,0.058064,0.056231,0.059685,0,1,0,0,0,1,0,0,0,20260508T084941+0900_330_gpu-server_mob050_dvfs4_cuda_v2.json
gpu-server,mobilenet-v2-050,5,1200MHz,dvfs5,server,0.25,607.5,confirmed,ok,35.64,151.88,152.415,1.003523,10,20.44,21.57,100.9,108.405,7.46,0.049523,0.043908,0.053874,0,0,0,0,0,0,0,0,0,20260508T090801+0900_634_gpu-server_mob050_dvfs5_cuda_v2.json
gpu-server,mobilenet-v2-050,5,1200MHz,dvfs5,server,0.5,607.5,confirmed,ok,35.64,303.75,302.3,0.995226,10,21.995,24.13,100.5,117.57,17.1,0.056448,0.054684,0.060552,0,0,0,0,0,0,0,0,0,20260508T090801+0900_634_gpu-server_mob050_dvfs5_cuda_v2.json
gpu-server,mobilenet-v2-050,5,1200MHz,dvfs5,server,0.75,607.5,confirmed,ok,35.64,455.62,454.56,0.997673,10,21.81,23.92,100.1,126.325,26.365,0.058054,0.056481,0.059136,0,0,0,0,0,0,0,0,0,20260508T090801+0900_634_gpu-server_mob050_dvfs5_cuda_v2.json
gpu-server,mobilenet-v2-050,5,1200MHz,dvfs5,server,1.0,607.5,confirmed,ok,35.64,607.5,607.51,1.000016,10,93.085,1104.16,100.5,134.545,34.08,0.056074,0.055224,0.057448,0,1,0,0,0,4,0,0,0,20260508T090801+0900_634_gpu-server_mob050_dvfs5_cuda_v2.json
gpu-server,mobilenet-v2-050,6,1410MHz,dvfs6,server,0.25,562.5,confirmed,ok,35.26,140.62,139.55,0.992391,10,19.825,20.35,102.6,110.19,7.625,0.055058,0.05023,0.059398,0,0,0,0,0,0,0,0,0,20260508T091939+0900_835_gpu-server_mob050_dvfs6_cuda_v2.json
gpu-server,mobilenet-v2-050,6,1410MHz,dvfs6,server,0.5,562.5,confirmed,ok,35.26,281.25,280.715,0.998098,10,21.92,22.57,102.325,119.435,17.18,0.061135,0.058094,0.063473,0,0,0,0,0,0,0,0,0,20260508T091939+0900_835_gpu-server_mob050_dvfs6_cuda_v2.json
gpu-server,mobilenet-v2-050,6,1410MHz,dvfs6,server,0.75,562.5,confirmed,ok,35.26,421.88,421.875,0.999988,10,22.0,22.91,103.125,128.44,25.49,0.060326,0.057703,0.061758,0,0,0,0,0,0,0,0,0,20260508T091939+0900_835_gpu-server_mob050_dvfs6_cuda_v2.json
gpu-server,mobilenet-v2-050,6,1410MHz,dvfs6,server,1.0,562.5,confirmed,ok,35.26,562.5,561.775,0.998711,10,35.52,241.96,102.9,137.025,34.09,0.060844,0.059682,0.062113,0,1,0,0,0,1,0,0,0,20260508T091939+0900_835_gpu-server_mob050_dvfs6_cuda_v2.json
gpu-server,mobilenet-v2-050,7,1545MHz,dvfs7,server,0.25,585.0,confirmed,ok,37.51,146.25,146.25,1.0,10,20.06,20.76,105.925,113.675,7.65,0.052373,0.046708,0.383488,0,0,0,0,0,0,0,0,0,20260508T093125+0900_493_gpu-server_mob050_dvfs7_cuda_v2.json
gpu-server,mobilenet-v2-050,7,1545MHz,dvfs7,server,0.5,585.0,confirmed,ok,37.51,292.5,291.575,0.996838,10,21.995,22.51,106.55,123.96,17.565,0.059719,0.057231,0.063186,0,0,0,0,0,0,0,0,0,20260508T093125+0900_493_gpu-server_mob050_dvfs7_cuda_v2.json
gpu-server,mobilenet-v2-050,7,1545MHz,dvfs7,server,0.75,585.0,confirmed,ok,37.51,438.75,437.11,0.996262,10,21.585,22.98,106.3,133.54,27.165,0.062443,0.060744,0.063183,0,0,0,0,0,0,0,0,0,20260508T093125+0900_493_gpu-server_mob050_dvfs7_cuda_v2.json
gpu-server,mobilenet-v2-050,7,1545MHz,dvfs7,server,1.0,585.0,confirmed,ok,37.51,585.0,584.12,0.998496,10,74.815,211.96,106.85,142.82,35.93,0.061545,0.059537,0.062891,0,1,0,0,0,4,0,0,0,20260508T093125+0900_493_gpu-server_mob050_dvfs7_cuda_v2.json
gpu-server,mobilenet-v2-050,8,1710MHz,dvfs8,server,0.25,562.5,confirmed,ok,43.36,140.62,140.49,0.999076,10,20.135,20.5,111.8,120.225,8.25,0.059915,0.051342,0.064562,0,0,0,0,0,0,0,0,0,20260508T094311+0900_073_gpu-server_mob050_dvfs8_cuda_v2.json
gpu-server,mobilenet-v2-050,8,1710MHz,dvfs8,server,0.5,562.5,confirmed,ok,43.36,281.25,280.795,0.998382,10,22.095,23.48,112.6,131.525,18.905,0.067401,0.064824,0.073615,0,0,0,0,0,0,0,0,0,20260508T094311+0900_073_gpu-server_mob050_dvfs8_cuda_v2.json
gpu-server,mobilenet-v2-050,8,1710MHz,dvfs8,server,0.75,562.5,confirmed,ok,43.36,421.88,421.6,0.999336,10,22.085,24.05,112.95,142.245,28.96,0.068783,0.066667,0.071634,0,0,0,0,0,0,0,0,0,20260508T094311+0900_073_gpu-server_mob050_dvfs8_cuda_v2.json
gpu-server,mobilenet-v2-050,8,1710MHz,dvfs8,server,1.0,562.5,confirmed,ok,43.36,562.5,564.24,1.003093,10,37.805,56.53,113.35,152.265,38.965,0.069185,0.06789,0.070705,0,0,0,0,0,0,0,0,0,20260508T094311+0900_073_gpu-server_mob050_dvfs8_cuda_v2.json
gpu-server,mobilenet-v2-050,9,1800MHz,dvfs9,server,0.25,598.5,confirmed_after_backoff,ok,45.1,149.62,150.65,1.006884,10,20.435,21.8,116.825,127.075,10.35,0.069531,0.063461,0.072334,0,0,0,0,0,0,0,0,0,20260508T095455+0900_254_gpu-server_mob050_dvfs9_cuda_v2.json
gpu-server,mobilenet-v2-050,9,1800MHz,dvfs9,server,0.5,598.5,confirmed_after_backoff,ok,45.1,299.25,298.43,0.99726,10,23.385,24.23,117.6,140.11,22.235,0.074464,0.073086,0.081132,0,0,0,0,0,0,0,0,0,20260508T095455+0900_254_gpu-server_mob050_dvfs9_cuda_v2.json
gpu-server,mobilenet-v2-050,9,1800MHz,dvfs9,server,0.75,598.5,confirmed_after_backoff,ok,45.1,448.88,449.76,1.00196,10,21.865,23.33,118.45,153.74,35.15,0.078796,0.077393,0.080254,0,0,0,0,0,0,0,0,0,20260508T095455+0900_254_gpu-server_mob050_dvfs9_cuda_v2.json
gpu-server,mobilenet-v2-050,9,1800MHz,dvfs9,server,1.0,598.5,confirmed_after_backoff,ok,45.1,598.5,599.55,1.001754,10,184.04,396.68,118.975,165.875,46.815,0.077983,0.07677,0.08077,1,1,0,0,0,7,0,0,0,20260508T095455+0900_254_gpu-server_mob050_dvfs9_cuda_v2.json
gpu-server,mobilenet-v2-050,10,1905MHz,dvfs10,server,0.25,598.5,confirmed_after_backoff,ok,54.32,149.62,149.405,0.998563,10,20.11,20.37,125.8,137.265,11.545,0.077083,0.068701,0.085347,0,0,0,0,0,0,0,0,0,20260508T100955+0900_500_gpu-server_mob050_dvfs10_cuda_v2.json
gpu-server,mobilenet-v2-050,10,1905MHz,dvfs10,server,0.5,598.5,confirmed_after_backoff,ok,54.32,299.25,299.705,1.00152,10,22.19,23.28,127.075,151.78,24.555,0.082234,0.079475,0.085839,0,0,0,0,0,0,0,0,0,20260508T100955+0900_500_gpu-server_mob050_dvfs10_cuda_v2.json
gpu-server,mobilenet-v2-050,10,1905MHz,dvfs10,server,0.75,598.5,confirmed_after_backoff,ok,54.32,448.88,449.67,1.00176,10,21.97,23.27,127.75,166.885,38.915,0.086599,0.083485,0.0889,0,0,0,0,0,0,0,0,0,20260508T100955+0900_500_gpu-server_mob050_dvfs10_cuda_v2.json
gpu-server,mobilenet-v2-050,10,1905MHz,dvfs10,server,1.0,598.5,confirmed_after_backoff,ok,54.32,598.5,597.125,0.997703,10,92.935,296.38,129.625,181.335,51.59,0.086163,0.084158,0.087512,0,1,0,0,0,4,0,0,0,20260508T100955+0900_500_gpu-server_mob050_dvfs10_cuda_v2.json
gpu-server,mobilenet-v2-050,11,1950MHz,dvfs11,server,0.25,585.0,confirmed,ok,64.22,146.25,146.675,1.002906,10,20.03,21.42,133.65,146.46,12.92,0.089034,0.081743,0.096768,0,0,0,0,0,0,0,0,0,20260508T102456+0900_158_gpu-server_mob050_dvfs11_cuda_v2.json
gpu-server,mobilenet-v2-050,11,1950MHz,dvfs11,server,0.5,585.0,confirmed,ok,64.22,292.5,293.89,1.004752,10,22.815,23.69,135.55,164.205,28.665,0.097419,0.092515,0.100125,0,0,0,0,0,0,0,0,0,20260508T102456+0900_158_gpu-server_mob050_dvfs11_cuda_v2.json
gpu-server,mobilenet-v2-050,11,1950MHz,dvfs11,server,0.75,585.0,confirmed,ok,64.22,438.75,438.37,0.999134,10,22.515,23.68,136.85,183.19,46.335,0.105935,0.103504,0.108563,0,0,0,0,0,0,0,0,0,20260508T102456+0900_158_gpu-server_mob050_dvfs11_cuda_v2.json
gpu-server,mobilenet-v2-050,11,1950MHz,dvfs11,server,1.0,585.0,confirmed,ok,64.22,585.0,583.8,0.997949,10,44.45,112.27,140.75,203.845,63.055,0.107827,0.105783,0.109611,0,1,0,0,0,1,0,0,0,20260508T102456+0900_158_gpu-server_mob050_dvfs11_cuda_v2.json
gpu-server,mobilenet-v2-100,0,300MHz,dvfs0,server,0.25,168.8,confirmed,ok,26.08,42.2,41.935,0.99372,10,19.9,20.34,98.85,102.085,3.15,0.075248,0.049104,0.098833,0,0,0,0,0,0,0,0,0,20260513T133034+0900_673_gpu-server_mob100_dvfs0_cuda_v2.json
gpu-server,mobilenet-v2-100,0,300MHz,dvfs0,server,0.5,168.8,confirmed,ok,26.08,84.4,84.26,0.998341,10,21.32,21.88,98.4,107.465,8.9,0.105618,0.090238,0.111351,0,0,0,0,0,0,0,0,0,20260513T133034+0900_673_gpu-server_mob100_dvfs0_cuda_v2.json
gpu-server,mobilenet-v2-100,0,300MHz,dvfs0,server,0.75,168.8,confirmed,ok,26.08,126.6,127.485,1.006991,10,27.11,29.88,98.075,115.84,17.72,0.139176,0.131478,0.144653,0,0,0,0,0,0,0,0,0,20260513T133034+0900_673_gpu-server_mob100_dvfs0_cuda_v2.json
gpu-server,mobilenet-v2-100,0,300MHz,dvfs0,server,1.0,168.8,confirmed,ok,26.08,168.8,168.475,0.998075,10,65.52,79.06,98.875,123.66,24.86,0.146682,0.138501,0.154971,0,0,0,0,0,0,0,0,0,20260513T133034+0900_673_gpu-server_mob100_dvfs0_cuda_v2.json
gpu-server,mobilenet-v2-100,1,420MHz,dvfs1,server,0.25,307.3,confirmed_after_backoff,ok,31.43,76.83,76.87,1.000521,10,20.695,21.57,98.775,104.04,5.445,0.069982,0.058295,0.089752,0,0,0,0,0,0,0,0,0,20260513T134653+0900_017_gpu-server_mob100_dvfs1_cuda_v2.json
gpu-server,mobilenet-v2-100,1,420MHz,dvfs1,server,0.5,307.3,confirmed_after_backoff,ok,31.43,153.65,154.105,1.002961,10,20.415,22.7,98.525,112.275,13.685,0.089902,0.081826,0.095048,0,0,0,0,0,0,0,0,0,20260513T134653+0900_017_gpu-server_mob100_dvfs1_cuda_v2.json
gpu-server,mobilenet-v2-100,1,420MHz,dvfs1,server,0.75,307.3,confirmed_after_backoff,ok,31.43,230.48,229.475,0.99564,10,20.395,21.77,99.25,121.695,22.495,0.097922,0.096174,0.100187,0,0,0,0,0,0,0,0,0,20260513T134653+0900_017_gpu-server_mob100_dvfs1_cuda_v2.json
gpu-server,mobilenet-v2-100,1,420MHz,dvfs1,server,1.0,307.3,confirmed_after_backoff,ok,31.43,307.3,307.715,1.00135,10,42.79,54.38,98.675,130.25,31.34,0.102199,0.097074,0.103159,0,0,0,0,0,0,0,0,0,20260513T134653+0900_017_gpu-server_mob100_dvfs1_cuda_v2.json
gpu-server,mobilenet-v2-100,2,600MHz,dvfs2,server,0.25,421.9,confirmed,ok,37.06,105.47,104.86,0.994216,10,20.95,21.82,98.9,106.29,7.23,0.069556,0.060523,0.532916,0,0,0,0,0,0,0,0,0,20260513T140400+0900_859_gpu-server_mob100_dvfs2_cuda_v2.json
gpu-server,mobilenet-v2-100,2,600MHz,dvfs2,server,0.5,421.9,confirmed,ok,37.06,210.95,211.345,1.001872,10,21.57,23.15,98.625,116.345,17.41,0.083474,0.076587,0.086884,0,0,0,0,0,0,0,0,0,20260513T140400+0900_859_gpu-server_mob100_dvfs2_cuda_v2.json
gpu-server,mobilenet-v2-100,2,600MHz,dvfs2,server,0.75,421.9,confirmed,ok,37.06,316.42,316.735,1.000996,10,20.08,21.35,99.1,126.365,27.075,0.08566,0.083347,0.087366,0,0,0,0,0,0,0,0,0,20260513T140400+0900_859_gpu-server_mob100_dvfs2_cuda_v2.json
gpu-server,mobilenet-v2-100,2,600MHz,dvfs2,server,1.0,421.9,confirmed,ok,37.06,421.9,422.865,1.002287,10,45.685,58.14,98.925,135.955,36.97,0.087388,0.086247,0.089186,0,0,0,0,0,0,0,0,0,20260513T140400+0900_859_gpu-server_mob100_dvfs2_cuda_v2.json
gpu-server,mobilenet-v2-100,3,810MHz,dvfs3,server,0.25,480.9,confirmed_after_backoff,ok,38.56,120.22,119.075,0.990476,10,21.26,22.12,99.3,107.75,8.53,0.072369,0.058551,0.07364,0,0,0,0,0,0,0,0,0,20260513T141730+0900_995_gpu-server_mob100_dvfs3_cuda_v2.json
gpu-server,mobilenet-v2-100,3,810MHz,dvfs3,server,0.5,480.9,confirmed_after_backoff,ok,38.56,240.45,242.095,1.006841,10,22.025,22.94,99.2,118.255,19.015,0.078567,0.074346,0.081598,0,0,0,0,0,0,0,0,0,20260513T141730+0900_995_gpu-server_mob100_dvfs3_cuda_v2.json
gpu-server,mobilenet-v2-100,3,810MHz,dvfs3,server,0.75,480.9,confirmed_after_backoff,ok,38.56,360.67,361.4,1.002024,10,20.925,23.32,99.975,128.085,28.165,0.07837,0.074579,0.081532,0,0,0,0,0,0,0,0,0,20260513T141730+0900_995_gpu-server_mob100_dvfs3_cuda_v2.json
gpu-server,mobilenet-v2-100,3,810MHz,dvfs3,server,1.0,480.9,confirmed_after_backoff,ok,38.56,480.9,480.98,1.000166,10,39.375,50.87,99.8,137.92,38.03,0.079375,0.078104,0.082079,0,0,0,0,0,0,0,0,0,20260513T141730+0900_995_gpu-server_mob100_dvfs3_cuda_v2.json
gpu-server,mobilenet-v2-100,4,1005MHz,dvfs4,server,0.25,510.1,confirmed,ok,40.79,127.53,128.35,1.00643,10,19.93,20.4,99.85,108.315,8.56,0.066963,0.057219,0.073901,0,0,0,0,0,0,0,0,0,20260513T143437+0900_400_gpu-server_mob100_dvfs4_cuda_v2.json
gpu-server,mobilenet-v2-100,4,1005MHz,dvfs4,server,0.5,510.1,confirmed,ok,40.79,255.05,254.26,0.996903,10,21.425,21.98,99.9,119.455,19.61,0.077305,0.072788,0.079643,0,0,0,0,0,0,0,0,0,20260513T143437+0900_400_gpu-server_mob100_dvfs4_cuda_v2.json
gpu-server,mobilenet-v2-100,4,1005MHz,dvfs4,server,0.75,510.1,confirmed,ok,40.79,382.58,383.2,1.001621,10,20.275,21.31,99.825,130.885,31.15,0.081074,0.080538,0.083854,0,0,0,0,0,0,0,0,0,20260513T143437+0900_400_gpu-server_mob100_dvfs4_cuda_v2.json
gpu-server,mobilenet-v2-100,4,1005MHz,dvfs4,server,1.0,510.1,confirmed,ok,40.79,510.1,509.39,0.998608,10,55.87,116.05,100.05,140.81,40.71,0.079813,0.078319,0.082869,0,1,0,0,0,1,0,0,0,20260513T143437+0900_400_gpu-server_mob100_dvfs4_cuda_v2.json
gpu-server,mobilenet-v2-100,5,1200MHz,dvfs5,server,0.25,590.6,confirmed,ok,45.19,147.65,147.475,0.998815,10,21.445,21.88,100.3,110.235,10.045,0.067962,0.060936,0.071136,0,0,0,0,0,0,0,0,0,20260513T144618+0900_482_gpu-server_mob100_dvfs5_cuda_v2.json
gpu-server,mobilenet-v2-100,5,1200MHz,dvfs5,server,0.5,590.6,confirmed,ok,45.19,295.3,293.52,0.993972,10,22.83,24.09,99.85,122.04,22.155,0.074988,0.07198,0.079959,0,0,0,0,0,0,0,0,0,20260513T144618+0900_482_gpu-server_mob100_dvfs5_cuda_v2.json
gpu-server,mobilenet-v2-100,5,1200MHz,dvfs5,server,0.75,590.6,confirmed,ok,45.19,442.95,443.025,1.000169,10,23.205,24.44,100.45,133.37,33.085,0.074613,0.072351,0.076351,0,0,0,0,0,0,0,0,0,20260513T144618+0900_482_gpu-server_mob100_dvfs5_cuda_v2.json
gpu-server,mobilenet-v2-100,5,1200MHz,dvfs5,server,1.0,590.6,confirmed,ok,45.19,590.6,590.935,1.000567,10,316.955,1018.46,100.7,144.08,43.45,0.073385,0.070793,0.076468,1,1,0,0,0,9,0,0,0,20260513T144618+0900_482_gpu-server_mob100_dvfs5_cuda_v2.json
gpu-server,mobilenet-v2-100,6,1410MHz,dvfs6,server,0.25,548.4,confirmed,ok,44.31,137.1,137.555,1.003319,10,21.18,22.02,102.25,111.705,9.005,0.067209,0.051923,0.079122,0,0,0,0,0,0,0,0,0,20260513T145831+0900_449_gpu-server_mob100_dvfs6_cuda_v2.json
gpu-server,mobilenet-v2-100,6,1410MHz,dvfs6,server,0.5,548.4,confirmed,ok,44.31,274.2,274.595,1.001441,10,23.195,23.78,102.7,123.33,20.64,0.075165,0.071877,0.078509,0,0,0,0,0,0,0,0,0,20260513T145831+0900_449_gpu-server_mob100_dvfs6_cuda_v2.json
gpu-server,mobilenet-v2-100,6,1410MHz,dvfs6,server,0.75,548.4,confirmed,ok,44.31,411.3,413.13,1.004449,10,22.905,26.69,102.15,134.865,32.76,0.079461,0.075425,0.080928,0,0,0,0,0,0,0,0,0,20260513T145831+0900_449_gpu-server_mob100_dvfs6_cuda_v2.json
gpu-server,mobilenet-v2-100,6,1410MHz,dvfs6,server,1.0,548.4,confirmed,ok,44.31,548.4,548.7,1.000547,10,85.615,207.42,102.95,145.965,42.925,0.078302,0.075128,0.080521,0,1,0,0,0,3,0,0,0,20260513T145831+0900_449_gpu-server_mob100_dvfs6_cuda_v2.json
gpu-server,mobilenet-v2-100,7,1545MHz,dvfs7,server,0.25,547.7,confirmed_after_backoff,ok,48.89,136.93,136.585,0.99748,10,20.605,21.03,105.725,115.835,9.91,0.072507,0.068809,0.080143,0,0,0,0,0,0,0,0,0,20260513T151151+0900_080_gpu-server_mob100_dvfs7_cuda_v2.json
gpu-server,mobilenet-v2-100,7,1545MHz,dvfs7,server,0.5,547.7,confirmed_after_backoff,ok,48.89,273.85,273.635,0.999215,10,22.22,23.15,105.35,128.505,23.125,0.084213,0.079503,0.089803,0,0,0,0,0,0,0,0,0,20260513T151151+0900_080_gpu-server_mob100_dvfs7_cuda_v2.json
gpu-server,mobilenet-v2-100,7,1545MHz,dvfs7,server,0.75,547.7,confirmed_after_backoff,ok,48.89,410.78,410.405,0.999087,10,22.715,23.46,105.975,141.385,35.31,0.086154,0.084599,0.089267,0,0,0,0,0,0,0,0,0,20260513T151151+0900_080_gpu-server_mob100_dvfs7_cuda_v2.json
gpu-server,mobilenet-v2-100,7,1545MHz,dvfs7,server,1.0,547.7,confirmed_after_backoff,ok,48.89,547.7,548.675,1.00178,10,34.295,187.8,106.55,153.595,46.88,0.085797,0.083754,0.087482,0,1,0,0,0,1,0,0,0,20260513T151151+0900_080_gpu-server_mob100_dvfs7_cuda_v2.json
gpu-server,mobilenet-v2-100,8,1710MHz,dvfs8,server,0.25,534.4,confirmed_after_backoff,ok,58.53,133.6,132.175,0.989334,10,20.44,21.71,110.8,122.375,11.795,0.088666,0.083871,0.101015,0,0,0,0,0,0,0,0,0,20260513T152830+0900_358_gpu-server_mob100_dvfs8_cuda_v2.json
gpu-server,mobilenet-v2-100,8,1710MHz,dvfs8,server,0.5,534.4,confirmed_after_backoff,ok,58.53,267.2,266.855,0.998709,10,22.565,23.47,112.3,138.305,26.005,0.097631,0.092652,0.100944,0,0,0,0,0,0,0,0,0,20260513T152830+0900_358_gpu-server_mob100_dvfs8_cuda_v2.json
gpu-server,mobilenet-v2-100,8,1710MHz,dvfs8,server,0.75,534.4,confirmed_after_backoff,ok,58.53,400.8,401.475,1.001684,10,23.0,24.23,114.0,154.895,40.83,0.102288,0.097899,0.10418,0,0,0,0,0,0,0,0,0,20260513T152830+0900_358_gpu-server_mob100_dvfs8_cuda_v2.json
gpu-server,mobilenet-v2-100,8,1710MHz,dvfs8,server,1.0,534.4,confirmed_after_backoff,ok,58.53,534.4,535.225,1.001544,10,37.255,128.5,114.325,168.97,54.69,0.102023,0.100745,0.104364,0,1,0,0,0,1,0,0,0,20260513T152830+0900_358_gpu-server_mob100_dvfs8_cuda_v2.json
gpu-server,mobilenet-v2-100,9,1800MHz,dvfs9,server,0.25,548.4,confirmed,ok,73.96,137.1,137.0,0.999271,10,20.43,21.91,117.2,130.35,13.275,0.097074,0.088741,0.101162,0,0,0,0,0,0,0,0,0,20260513T182445+0900_251_gpu-server_mob100_dvfs9_cuda_v2.json
gpu-server,mobilenet-v2-100,9,1800MHz,dvfs9,server,0.5,548.4,confirmed,ok,73.96,274.2,273.2,0.996353,10,22.35,23.05,116.95,145.66,28.785,0.105629,0.103076,0.109234,0,0,0,0,0,0,0,0,0,20260513T182445+0900_251_gpu-server_mob100_dvfs9_cuda_v2.json
gpu-server,mobilenet-v2-100,9,1800MHz,dvfs9,server,0.75,548.4,confirmed,ok,73.96,411.3,410.36,0.997715,10,22.07,23.7,117.9,162.24,44.44,0.108152,0.106337,0.110415,0,0,0,0,0,0,0,0,0,20260513T182445+0900_251_gpu-server_mob100_dvfs9_cuda_v2.json
gpu-server,mobilenet-v2-100,9,1800MHz,dvfs9,server,1.0,548.4,confirmed,ok,73.96,548.4,550.015,1.002945,10,39.54,69.61,118.875,178.555,59.835,0.109117,0.107818,0.1097,0,0,0,0,0,0,0,0,0,20260513T182445+0900_251_gpu-server_mob100_dvfs9_cuda_v2.json
gpu-server,mobilenet-v2-100,10,1905MHz,dvfs10,server,0.25,590.6,confirmed,ok,111.23,147.65,147.31,0.997697,10,20.415,21.55,126.675,143.665,17.26,0.117275,0.107558,0.12058,0,0,0,0,0,0,0,0,0,20260513T183803+0900_374_gpu-server_mob100_dvfs10_cuda_v2.json
gpu-server,mobilenet-v2-100,10,1905MHz,dvfs10,server,0.5,590.6,confirmed,ok,111.23,295.3,296.615,1.004453,10,22.76,23.99,127.95,166.325,38.145,0.129729,0.126531,0.13273,0,0,0,0,0,0,0,0,0,20260513T183803+0900_374_gpu-server_mob100_dvfs10_cuda_v2.json
gpu-server,mobilenet-v2-100,10,1905MHz,dvfs10,server,0.75,590.6,confirmed,ok,111.23,442.95,442.85,0.999774,10,22.33,23.14,133.775,197.58,62.835,0.14177,0.134917,0.145489,0,0,0,0,0,0,0,0,0,20260513T183803+0900_374_gpu-server_mob100_dvfs10_cuda_v2.json
gpu-server,mobilenet-v2-100,10,1905MHz,dvfs10,server,1.0,590.6,confirmed,ok,111.23,590.6,591.875,1.002159,10,60.65,305.92,145.0,240.855,94.59,0.160368,0.154605,0.167575,0,1,0,0,0,3,0,0,0,20260513T183803+0900_374_gpu-server_mob100_dvfs10_cuda_v2.json
gpu-server,mobilenet-v2-100,11,1950MHz,dvfs11,server,0.25,562.5,confirmed,ok,95.1,140.62,140.95,1.002347,10,20.07,21.32,135.725,153.27,17.57,0.123694,0.119373,0.134139,0,0,0,0,0,0,0,0,0,20260513T185009+0900_514_gpu-server_mob100_dvfs11_cuda_v2.json
gpu-server,mobilenet-v2-100,11,1950MHz,dvfs11,server,0.5,562.5,confirmed,ok,95.1,281.25,281.61,1.00128,10,22.36,23.48,137.05,176.855,39.615,0.14043,0.13746,0.144705,0,0,0,0,0,0,0,0,0,20260513T185009+0900_514_gpu-server_mob100_dvfs11_cuda_v2.json
gpu-server,mobilenet-v2-100,11,1950MHz,dvfs11,server,0.75,562.5,confirmed,ok,95.1,421.88,422.315,1.001031,10,22.72,23.18,140.975,205.73,64.26,0.15278,0.150399,0.155123,0,0,0,0,0,0,0,0,0,20260513T185009+0900_514_gpu-server_mob100_dvfs11_cuda_v2.json
gpu-server,mobilenet-v2-100,11,1950MHz,dvfs11,server,1.0,562.5,confirmed,ok,95.1,562.5,561.525,0.998267,10,39.89,121.35,146.35,236.905,92.05,0.163301,0.157834,0.1683,0,1,0,0,0,1,0,0,0,20260513T185009+0900_514_gpu-server_mob100_dvfs11_cuda_v2.json
jetson,mobilenet-v2-050,0,MAXN,dvfs0,jetson,0.25,98.9,confirmed_after_backoff,ok,4.82,24.73,24.54,0.992317,10,20.145,20.63,3.0,3.97,0.97,0.039134,0.037008,0.042952,0,0,0,0,0,0,0,0,0,20260508T054140+0900_186_jetson_mob050_dvfs0_trt_v2.json
jetson,mobilenet-v2-050,0,MAXN,dvfs0,jetson,0.5,98.9,confirmed_after_backoff,ok,4.82,49.45,49.055,0.992012,10,25.405,26.69,3.0,5.18,2.18,0.04408,0.043372,0.046359,0,0,0,0,0,0,0,0,0,20260508T054140+0900_186_jetson_mob050_dvfs0_trt_v2.json
jetson,mobilenet-v2-050,0,MAXN,dvfs0,jetson,0.75,98.9,confirmed_after_backoff,ok,4.82,74.18,74.115,0.999124,10,37.485,41.37,3.0,6.435,3.435,0.046404,0.044267,0.046999,0,0,0,0,0,0,0,0,0,20260508T054140+0900_186_jetson_mob050_dvfs0_trt_v2.json
jetson,mobilenet-v2-050,0,MAXN,dvfs0,jetson,1.0,98.9,confirmed_after_backoff,ok,4.82,98.9,98.115,0.992063,10,72.11,85.79,3.0,7.745,4.685,0.047837,0.044194,0.049153,0,0,0,0,0,0,0,0,0,20260508T054140+0900_186_jetson_mob050_dvfs0_trt_v2.json
jetson,mobilenet-v2-050,1,5W,dvfs1,jetson,0.25,64.1,confirmed_after_backoff,ok,1.62,16.02,16.205,1.011548,10,27.175,27.96,2.55,3.125,0.54,0.032868,0.009299,0.05419,0,0,0,0,0,0,0,5,0,20260508T055928+0900_470_jetson_mob050_dvfs1_trt_v2.json
jetson,mobilenet-v2-050,1,5W,dvfs1,jetson,0.5,64.1,confirmed_after_backoff,ok,1.62,32.05,31.95,0.99688,10,34.335,35.59,2.2,3.54,1.315,0.041368,0.035045,0.043014,0,0,0,0,0,0,0,0,0,20260508T055928+0900_470_jetson_mob050_dvfs1_trt_v2.json
jetson,mobilenet-v2-050,1,5W,dvfs1,jetson,0.75,64.1,confirmed_after_backoff,ok,1.62,48.07,48.235,1.003432,10,47.0,56.21,2.4,4.07,1.675,0.034661,0.021224,0.038787,0,0,0,0,0,0,0,0,0,20260508T055928+0900_470_jetson_mob050_dvfs1_trt_v2.json
jetson,mobilenet-v2-050,1,5W,dvfs1,jetson,1.0,64.1,confirmed_after_backoff,ok,1.62,64.1,63.94,0.997504,10,76.865,89.59,2.4,4.575,2.125,0.033042,0.023876,0.037881,0,0,0,0,0,0,0,0,0,20260508T055928+0900_470_jetson_mob050_dvfs1_trt_v2.json
jetson,mobilenet-v2-100,0,MAXN,dvfs0,jetson,0.25,49.6,confirmed_after_backoff,ok,4.37,12.4,12.435,1.002823,10,29.825,32.09,3.0,3.84,0.84,0.067795,0.061748,0.069805,0,0,0,0,0,0,0,0,0,20260513T133045+0900_714_jetson_mob100_dvfs0_trt_v2.json
jetson,mobilenet-v2-100,0,MAXN,dvfs0,jetson,0.5,49.6,confirmed_after_backoff,ok,4.37,24.8,24.975,1.007056,10,39.23,41.53,3.0,4.945,1.945,0.078343,0.074306,0.081326,0,0,0,0,0,0,0,0,0,20260513T133045+0900_714_jetson_mob100_dvfs0_trt_v2.json
jetson,mobilenet-v2-100,0,MAXN,dvfs0,jetson,0.75,49.6,confirmed_after_backoff,ok,4.37,37.2,37.615,1.011156,10,52.98,56.74,3.0,6.17,3.155,0.084394,0.081508,0.085252,0,0,0,0,0,0,0,0,0,20260513T133045+0900_714_jetson_mob100_dvfs0_trt_v2.json
jetson,mobilenet-v2-100,0,MAXN,dvfs0,jetson,1.0,49.6,confirmed_after_backoff,ok,4.37,49.6,49.17,0.991331,10,81.635,95.68,3.0,7.29,4.29,0.086872,0.084401,0.088921,0,0,0,0,0,0,0,0,0,20260513T133045+0900_714_jetson_mob100_dvfs0_trt_v2.json
jetson,mobilenet-v2-100,1,5W,dvfs1,jetson,0.25,32.0,confirmed,ok,1.46,8.0,8.025,1.003125,10,41.295,44.42,2.4,3.03,0.59,0.075465,0.017606,0.1025,0,0,0,0,0,0,0,4,0,20260513T134707+0900_056_jetson_mob100_dvfs1_trt_v2.json
jetson,mobilenet-v2-100,1,5W,dvfs1,jetson,0.5,32.0,confirmed,ok,1.46,16.0,16.01,1.000625,10,50.32,58.04,2.35,3.47,1.125,0.070816,0.04768,0.079874,0,0,0,0,0,0,0,0,0,20260513T134707+0900_056_jetson_mob100_dvfs1_trt_v2.json
jetson,mobilenet-v2-100,1,5W,dvfs1,jetson,0.75,32.0,confirmed,ok,1.46,24.0,23.965,0.998542,10,64.63,76.51,2.4,3.92,1.535,0.064409,0.052585,0.073523,0,0,0,0,0,0,0,0,0,20260513T134707+0900_056_jetson_mob100_dvfs1_trt_v2.json
jetson,mobilenet-v2-100,1,5W,dvfs1,jetson,1.0,32.0,confirmed,ok,1.46,32.0,32.235,1.007344,10,89.95,113.37,2.3,4.38,2.07,0.064303,0.054623,0.068597,0,1,0,0,0,1,0,0,0,20260513T134707+0900_056_jetson_mob100_dvfs1_trt_v2.json
lattepanda,mobilenet-v2-050,0,fixed,dvfs0,sbc_npu,0.25,136.3,confirmed_after_backoff,ok,10.92,34.08,34.185,1.003081,10,12.77,13.25,4.475,10.7,6.235,0.182466,0.17931,0.18811,0,0,0,0,0,0,0,0,0,20260508T054153+0900_817_lattepanda_mob050_dvfs0_cpu_v2.json
lattepanda,mobilenet-v2-050,0,fixed,dvfs0,sbc_npu,0.5,136.3,confirmed_after_backoff,ok,10.92,68.15,68.25,1.001467,10,17.615,18.44,4.5,12.76,8.295,0.122053,0.119936,0.123687,0,0,0,0,0,0,0,0,0,20260508T054153+0900_817_lattepanda_mob050_dvfs0_cpu_v2.json
lattepanda,mobilenet-v2-050,0,fixed,dvfs0,sbc_npu,0.75,136.3,confirmed_after_backoff,ok,10.92,102.23,102.09,0.998631,10,26.35,27.62,4.5,14.98,10.505,0.102854,0.10154,0.104017,0,0,0,0,0,0,0,0,0,20260508T054153+0900_817_lattepanda_mob050_dvfs0_cpu_v2.json
lattepanda,mobilenet-v2-050,0,fixed,dvfs0,sbc_npu,1.0,136.3,confirmed_after_backoff,ok,10.92,136.3,135.695,0.995561,10,62.85,118.21,4.5,16.03,11.515,0.084627,0.083643,0.085398,0,1,0,0,0,1,0,0,0,20260508T054153+0900_817_lattepanda_mob050_dvfs0_cpu_v2.json
lattepanda,mobilenet-v2-100,0,fixed,dvfs0,sbc_npu,0.25,49.1,confirmed,ok,10.89,12.28,12.54,1.021173,10,27.075,27.47,4.5,10.585,6.09,0.488967,0.475,0.504557,0,0,0,0,0,0,0,0,0,20260513T133059+0900_495_lattepanda_mob100_dvfs0_cpu_v2.json
lattepanda,mobilenet-v2-100,0,fixed,dvfs0,sbc_npu,0.5,49.1,confirmed,ok,10.89,24.55,24.435,0.995316,10,33.515,36.22,4.45,12.36,7.935,0.324908,0.313224,0.331109,0,0,0,0,0,0,0,0,0,20260513T133059+0900_495_lattepanda_mob100_dvfs0_cpu_v2.json
lattepanda,mobilenet-v2-100,0,fixed,dvfs0,sbc_npu,0.75,49.1,confirmed,ok,10.89,36.83,36.7,0.99647,10,42.46,49.63,4.5,14.285,9.84,0.269023,0.259452,0.273705,0,0,0,0,0,0,0,0,0,20260513T133059+0900_495_lattepanda_mob100_dvfs0_cpu_v2.json
lattepanda,mobilenet-v2-100,0,fixed,dvfs0,sbc_npu,1.0,49.1,confirmed,ok,10.89,49.1,48.685,0.991548,10,75.975,96.38,4.45,15.79,11.35,0.233648,0.229039,0.237399,0,0,0,0,0,0,0,0,0,20260513T133059+0900_495_lattepanda_mob100_dvfs0_cpu_v2.json
orangepi,mobilenet-v2-050,0,fixed,dvfs0,sbc_npu,0.25,98.4,confirmed,ok,9.76,24.6,24.46,0.994309,10,35.5,38.94,2.7,6.665,3.96,0.16225,0.158581,0.164763,0,0,0,0,0,0,0,0,0,20260508T054204+0900_373_orangepi_mob050_dvfs0_cpu_v2.json
orangepi,mobilenet-v2-050,0,fixed,dvfs0,sbc_npu,0.5,98.4,confirmed,ok,9.76,49.2,48.9,0.993902,10,37.79,39.1,2.7,9.095,6.335,0.130071,0.128065,0.132125,0,0,0,0,0,0,0,0,0,20260508T054204+0900_373_orangepi_mob050_dvfs0_cpu_v2.json
orangepi,mobilenet-v2-050,0,fixed,dvfs0,sbc_npu,0.75,98.4,confirmed,ok,9.76,73.8,73.59,0.997154,10,43.215,45.02,2.8,10.975,8.175,0.11109,0.109903,0.112383,0,0,0,0,0,0,0,0,0,20260508T054204+0900_373_orangepi_mob050_dvfs0_cpu_v2.json
orangepi,mobilenet-v2-050,0,fixed,dvfs0,sbc_npu,1.0,98.4,confirmed,ok,9.76,98.4,98.045,0.996392,10,72.355,82.13,2.8,12.475,9.665,0.098452,0.097281,0.099265,0,0,0,0,0,0,0,0,0,20260508T054204+0900_373_orangepi_mob050_dvfs0_cpu_v2.json
orangepi,mobilenet-v2-100,0,fixed,dvfs0,sbc_npu,0.25,41.0,confirmed_after_backoff,ok,8.59,10.25,10.025,0.978049,10,52.5,60.67,2.7,5.56,2.86,0.283712,0.274641,0.291667,0,0,0,0,0,0,0,0,0,20260513T133110+0900_296_orangepi_mob100_dvfs0_cpu_v2.json
orangepi,mobilenet-v2-100,0,fixed,dvfs0,sbc_npu,0.5,41.0,confirmed_after_backoff,ok,8.59,20.5,20.415,0.995854,10,56.815,60.71,2.7,7.705,4.98,0.245053,0.241054,0.258394,0,0,0,0,0,0,0,0,0,20260513T133110+0900_296_orangepi_mob100_dvfs0_cpu_v2.json
orangepi,mobilenet-v2-100,0,fixed,dvfs0,sbc_npu,0.75,41.0,confirmed_after_backoff,ok,8.59,30.75,30.8,1.001626,10,65.905,71.47,2.75,9.61,6.86,0.223934,0.216587,0.226757,0,0,0,0,0,0,0,0,0,20260513T133110+0900_296_orangepi_mob100_dvfs0_cpu_v2.json
orangepi,mobilenet-v2-100,0,fixed,dvfs0,sbc_npu,1.0,41.0,confirmed_after_backoff,ok,8.59,41.0,41.15,1.003659,10,82.495,104.47,2.8,11.165,8.365,0.204604,0.201914,0.207406,0,1,0,0,0,1,0,0,0,20260513T133110+0900_296_orangepi_mob100_dvfs0_cpu_v2.json
orangepi-npu,mobilenet-v2-050,0,fixed,dvfs0,sbc_npu,0.25,234.4,confirmed,ok,2.38,58.6,59.25,1.011092,10,39.63,41.43,2.7,3.56,0.85,0.014472,0.013541,0.014958,0,0,0,0,0,0,0,0,0,20260508T055428+0900_190_orangepi-npu_mob050_dvfs0_rknpu_v2.json
orangepi-npu,mobilenet-v2-050,0,fixed,dvfs0,sbc_npu,0.5,234.4,confirmed,ok,2.38,117.2,117.44,1.002048,10,33.58,40.55,2.7,4.22,1.52,0.012986,0.012863,0.013655,0,0,0,0,0,0,0,0,0,20260508T055428+0900_190_orangepi-npu_mob050_dvfs0_rknpu_v2.json
orangepi-npu,mobilenet-v2-050,0,fixed,dvfs0,sbc_npu,0.75,234.4,confirmed,ok,2.38,175.8,175.51,0.99835,10,31.43,33.59,2.7,4.74,2.04,0.01162,0.011511,0.012318,0,0,0,0,0,0,0,0,0,20260508T055428+0900_190_orangepi-npu_mob050_dvfs0_rknpu_v2.json
orangepi-npu,mobilenet-v2-050,0,fixed,dvfs0,sbc_npu,1.0,234.4,confirmed,ok,2.38,234.4,234.1,0.99872,10,86.3,475.8,2.7,5.24,2.54,0.010828,0.010787,0.010901,0,1,0,0,0,4,0,0,0,20260508T055428+0900_190_orangepi-npu_mob050_dvfs0_rknpu_v2.json
orangepi-npu,mobilenet-v2-100,0,fixed,dvfs0,sbc_npu,0.25,155.6,confirmed,ok,2.43,38.9,39.17,1.006941,10,41.27,44.92,2.7,3.545,0.845,0.021476,0.019658,0.024093,0,0,0,0,0,0,0,0,0,20260513T134635+0900_184_orangepi-npu_mob100_dvfs0_rknpu_v2.json
orangepi-npu,mobilenet-v2-100,0,fixed,dvfs0,sbc_npu,0.5,155.6,confirmed,ok,2.43,77.8,77.335,0.994023,10,50.965,55.0,2.7,4.17,1.47,0.019032,0.018714,0.02034,0,0,0,0,0,0,0,0,0,20260513T134635+0900_184_orangepi-npu_mob100_dvfs0_rknpu_v2.json
orangepi-npu,mobilenet-v2-100,0,fixed,dvfs0,sbc_npu,0.75,155.6,confirmed,ok,2.43,116.7,116.715,1.000129,10,54.94,59.19,2.7,4.65,1.965,0.016769,0.016464,0.017777,0,0,0,0,0,0,0,0,0,20260513T134635+0900_184_orangepi-npu_mob100_dvfs0_rknpu_v2.json
orangepi-npu,mobilenet-v2-100,0,fixed,dvfs0,sbc_npu,1.0,155.6,confirmed,ok,2.43,155.6,155.885,1.001832,10,78.595,88.17,2.7,5.055,2.355,0.015182,0.014978,0.015291,0,0,0,0,0,0,0,0,0,20260513T134635+0900_184_orangepi-npu_mob100_dvfs0_rknpu_v2.json
orin,efficientnet-b4,0,MAXN,dvfs0,jetson,0.25,77.5,confirmed,ok,24.31,19.38,19.75,1.019092,10,23.38,23.83,13.575,19.6,6.045,0.306061,0.29951,0.311426,0,0,0,0,0,0,0,0,0,20260514T083718+0900_369_orin_effb4_dvfs0_trt_v2.json
orin,efficientnet-b4,0,MAXN,dvfs0,jetson,0.5,77.5,confirmed,ok,24.31,38.75,38.985,1.006065,10,30.18,32.02,13.7,25.425,11.725,0.301891,0.296354,0.310533,0,0,0,0,0,0,0,0,0,20260514T083718+0900_369_orin_effb4_dvfs0_trt_v2.json
orin,efficientnet-b4,0,MAXN,dvfs0,jetson,0.75,77.5,confirmed,ok,24.31,58.12,58.31,1.003269,10,43.15,47.39,13.7,31.45,17.715,0.303124,0.300858,0.305997,0,0,0,0,0,0,0,0,0,20260514T083718+0900_369_orin_effb4_dvfs0_trt_v2.json
orin,efficientnet-b4,0,MAXN,dvfs0,jetson,1.0,77.5,confirmed,ok,24.31,77.5,77.3,0.997419,10,78.055,86.05,13.875,37.4,23.55,0.305642,0.301978,0.307632,0,0,0,0,0,0,0,0,0,20260514T083718+0900_369_orin_effb4_dvfs0_trt_v2.json
orin,efficientnet-b4,1,MODE_15W,dvfs1,jetson,0.25,6.6,confirmed,ok,1.46,1.65,1.635,0.990909,10,72.655,83.77,9.1,9.51,0.41,0.255292,0.222222,0.278195,0,0,1,0,0,0,0,10,0,20260514T085141+0900_973_orin_effb4_dvfs1_trt_v2.json
orin,efficientnet-b4,1,MODE_15W,dvfs1,jetson,0.5,6.6,confirmed,ok,1.46,3.3,3.275,0.992424,10,78.37,87.43,9.0,9.905,0.905,0.265825,0.250814,0.277612,0,0,0,0,0,0,0,0,0,20260514T085141+0900_973_orin_effb4_dvfs1_trt_v2.json
orin,efficientnet-b4,1,MODE_15W,dvfs1,jetson,0.75,6.6,confirmed,ok,1.46,4.95,4.96,1.00202,10,89.63,99.61,9.0,10.27,1.255,0.250756,0.231461,0.265979,0,0,0,0,0,0,0,0,0,20260514T085141+0900_973_orin_effb4_dvfs1_trt_v2.json
orin,efficientnet-b4,1,MODE_15W,dvfs1,jetson,1.0,6.6,confirmed,ok,1.46,6.6,6.58,0.99697,10,99.375,110.35,9.025,10.695,1.635,0.250841,0.236652,0.266017,0,1,0,0,0,4,0,0,0,20260514T085141+0900_973_orin_effb4_dvfs1_trt_v2.json
orin,efficientnet-b4,2,MODE_30W,dvfs2,jetson,0.25,22.6,confirmed_after_backoff,ok,5.04,5.65,5.675,1.004425,10,47.0,51.75,10.8,12.05,1.225,0.218884,0.203571,0.233553,0,0,0,0,0,0,0,0,0,20260514T091215+0900_227_orin_effb4_dvfs2_trt_v2.json
orin,efficientnet-b4,2,MODE_30W,dvfs2,jetson,0.5,22.6,confirmed_after_backoff,ok,5.04,11.3,11.395,1.008407,10,55.27,59.93,10.8,13.345,2.525,0.222927,0.211915,0.232158,0,0,0,0,0,0,0,0,0,20260514T091215+0900_227_orin_effb4_dvfs2_trt_v2.json
orin,efficientnet-b4,2,MODE_30W,dvfs2,jetson,0.75,22.6,confirmed_after_backoff,ok,5.04,16.95,17.15,1.011799,10,69.965,73.66,10.9,14.6,3.735,0.219159,0.214482,0.223392,0,0,0,0,0,0,0,0,0,20260514T091215+0900_227_orin_effb4_dvfs2_trt_v2.json
orin,efficientnet-b4,2,MODE_30W,dvfs2,jetson,1.0,22.6,confirmed_after_backoff,ok,5.04,22.6,22.7,1.004425,10,90.645,105.09,10.9,15.83,4.945,0.220813,0.213814,0.224925,0,1,0,0,0,2,0,0,0,20260514T091215+0900_227_orin_effb4_dvfs2_trt_v2.json
orin,efficientnet-b4,3,MODE_50W,dvfs3,jetson,0.25,48.8,confirmed,ok,11.8,12.2,12.375,1.014344,10,30.255,31.05,11.2,14.05,2.9,0.229695,0.226016,0.248511,0,0,0,0,0,0,0,0,0,20260514T093553+0900_346_orin_effb4_dvfs3_trt_v2.json
orin,efficientnet-b4,3,MODE_50W,dvfs3,jetson,0.5,48.8,confirmed,ok,11.8,24.4,24.72,1.013115,10,36.605,40.1,11.175,16.94,5.745,0.234555,0.227751,0.243083,0,0,0,0,0,0,0,0,0,20260514T093553+0900_346_orin_effb4_dvfs3_trt_v2.json
orin,efficientnet-b4,3,MODE_50W,dvfs3,jetson,0.75,48.8,confirmed,ok,11.8,36.6,37.3,1.019126,10,48.855,52.09,11.2,19.97,8.77,0.236758,0.231985,0.239218,0,0,0,0,0,0,0,0,0,20260514T093553+0900_346_orin_effb4_dvfs3_trt_v2.json
orin,efficientnet-b4,3,MODE_50W,dvfs3,jetson,1.0,48.8,confirmed,ok,11.8,48.8,49.17,1.007582,10,71.555,78.64,11.3,22.76,11.485,0.234065,0.231282,0.237968,0,0,0,0,0,0,0,0,0,20260514T093553+0900_346_orin_effb4_dvfs3_trt_v2.json
orin,mobilenet-v2-050,0,MAXN,dvfs0,jetson,0.25,718.8,confirmed,ok,10.91,179.7,180.91,1.006733,10,7.26,7.42,13.1,15.93,2.83,0.015883,0.015587,0.016313,0,0,0,0,0,0,0,0,0,20260508T054215+0900_396_orin_mob050_dvfs0_trt_v2.json
orin,mobilenet-v2-050,0,MAXN,dvfs0,jetson,0.5,718.8,confirmed,ok,10.91,359.4,360.495,1.003047,10,8.385,9.19,13.2,18.725,5.575,0.015464,0.015145,0.015616,0,0,0,0,0,0,0,0,0,20260508T054215+0900_396_orin_mob050_dvfs0_trt_v2.json
orin,mobilenet-v2-050,0,MAXN,dvfs0,jetson,0.75,718.8,confirmed,ok,10.91,539.1,538.855,0.999546,10,12.34,12.87,13.25,21.375,8.105,0.01502,0.014939,0.015205,0,0,0,0,0,0,0,0,0,20260508T054215+0900_396_orin_mob050_dvfs0_trt_v2.json
orin,mobilenet-v2-050,0,MAXN,dvfs0,jetson,1.0,718.8,confirmed,ok,10.91,718.8,716.8,0.997218,10,94.62,184.29,13.3,23.925,10.63,0.014839,0.014763,0.014948,0,1,0,0,0,4,0,0,0,20260508T054215+0900_396_orin_mob050_dvfs0_trt_v2.json
orin,mobilenet-v2-050,1,MODE_15W,dvfs1,jetson,0.25,226.6,confirmed,ok,2.37,56.65,57.185,1.009444,10,12.2,12.45,9.1,9.81,0.685,0.012005,-0.007746,0.012528,0,0,0,1,1,0,1,1,1,20260508T055702+0900_152_orin_mob050_dvfs1_trt_v2.json
orin,mobilenet-v2-050,1,MODE_15W,dvfs1,jetson,0.5,226.6,confirmed,ok,2.37,113.3,113.055,0.997838,10,15.83,16.07,9.1,10.385,1.285,0.01137,0.011094,0.011626,0,0,0,0,0,0,0,0,0,20260508T055702+0900_152_orin_mob050_dvfs1_trt_v2.json
orin,mobilenet-v2-050,1,MODE_15W,dvfs1,jetson,0.75,226.6,confirmed,ok,2.37,169.95,170.165,1.001265,10,24.785,26.62,9.1,10.985,1.885,0.01113,0.010876,0.011272,0,0,0,0,0,0,0,0,0,20260508T055702+0900_152_orin_mob050_dvfs1_trt_v2.json
orin,mobilenet-v2-050,1,MODE_15W,dvfs1,jetson,1.0,226.6,confirmed,ok,2.37,226.6,225.925,0.997021,10,81.42,113.43,9.1,11.575,2.47,0.010889,0.010747,0.011046,0,1,0,0,0,3,0,0,0,20260508T055702+0900_152_orin_mob050_dvfs1_trt_v2.json
orin,mobilenet-v2-050,2,MODE_30W,dvfs2,jetson,0.25,390.6,confirmed,ok,3.49,97.65,97.275,0.99616,10,9.165,9.34,10.9,11.89,0.975,0.010063,0.009003,0.010323,0,0,0,0,0,0,0,0,0,20260508T061059+0900_113_orin_mob050_dvfs2_trt_v2.json
orin,mobilenet-v2-050,2,MODE_30W,dvfs2,jetson,0.5,390.6,confirmed,ok,3.49,195.3,196.49,1.006093,10,11.52,11.81,10.9,12.795,1.88,0.009606,0.00908,0.009771,0,0,0,0,0,0,0,0,0,20260508T061059+0900_113_orin_mob050_dvfs2_trt_v2.json
orin,mobilenet-v2-050,2,MODE_30W,dvfs2,jetson,0.75,390.6,confirmed,ok,3.49,292.95,293.875,1.003158,10,16.32,17.94,10.9,13.66,2.745,0.009351,0.009066,0.009451,0,0,0,0,0,0,0,0,0,20260508T061059+0900_113_orin_mob050_dvfs2_trt_v2.json
orin,mobilenet-v2-050,2,MODE_30W,dvfs2,jetson,1.0,390.6,confirmed,ok,3.49,390.6,389.68,0.997645,10,75.73,101.42,11.0,14.49,3.49,0.008979,0.008904,0.009219,0,1,0,0,0,1,0,0,0,20260508T061059+0900_113_orin_mob050_dvfs2_trt_v2.json
orin,mobilenet-v2-050,3,MODE_50W,dvfs3,jetson,0.25,484.4,confirmed,ok,5.25,121.1,120.275,0.993187,10,8.445,8.69,11.2,12.69,1.49,0.01234,0.010804,0.012712,0,0,0,0,0,0,0,0,0,20260508T062449+0900_472_orin_mob050_dvfs3_trt_v2.json
orin,mobilenet-v2-050,3,MODE_50W,dvfs3,jetson,0.5,484.4,confirmed,ok,5.25,242.2,241.9,0.998761,10,10.005,10.52,11.25,14.065,2.81,0.011608,0.011354,0.011883,0,0,0,0,0,0,0,0,0,20260508T062449+0900_472_orin_mob050_dvfs3_trt_v2.json
orin,mobilenet-v2-050,3,MODE_50W,dvfs3,jetson,0.75,484.4,confirmed,ok,5.25,363.3,363.985,1.001885,10,14.35,15.67,11.3,15.335,4.07,0.011166,0.011053,0.011465,0,0,0,0,0,0,0,0,0,20260508T062449+0900_472_orin_mob050_dvfs3_trt_v2.json
orin,mobilenet-v2-050,3,MODE_50W,dvfs3,jetson,1.0,484.4,confirmed,ok,5.25,484.4,483.35,0.997832,10,51.955,87.3,11.275,16.55,5.295,0.01093,0.010847,0.011157,0,0,0,0,0,0,0,0,0,20260508T062449+0900_472_orin_mob050_dvfs3_trt_v2.json
orin,mobilenet-v2-100,0,MAXN,dvfs0,jetson,0.25,618.8,confirmed,ok,14.28,154.7,155.22,1.003361,10,7.685,7.86,12.975,16.605,3.65,0.023491,0.022857,0.02422,0,0,0,0,0,0,0,0,0,20260513T133121+0900_384_orin_mob100_dvfs0_trt_v2.json
orin,mobilenet-v2-100,0,MAXN,dvfs0,jetson,0.5,618.8,confirmed,ok,14.28,309.4,309.97,1.001842,10,8.93,9.16,13.1,20.245,7.16,0.023127,0.022922,0.023524,0,0,0,0,0,0,0,0,0,20260513T133121+0900_384_orin_mob100_dvfs0_trt_v2.json
orin,mobilenet-v2-100,0,MAXN,dvfs0,jetson,0.75,618.8,confirmed,ok,14.28,464.1,462.825,0.997253,10,12.855,13.71,13.15,23.775,10.65,0.022923,0.022702,0.023119,0,0,0,0,0,0,0,0,0,20260513T133121+0900_384_orin_mob100_dvfs0_trt_v2.json
orin,mobilenet-v2-100,0,MAXN,dvfs0,jetson,1.0,618.8,confirmed,ok,14.28,618.8,619.085,1.000461,10,68.18,168.7,13.2,27.215,14.015,0.022678,0.022496,0.022759,0,1,0,0,0,1,0,0,0,20260513T133121+0900_384_orin_mob100_dvfs0_trt_v2.json
orin,mobilenet-v2-100,1,MODE_15W,dvfs1,jetson,0.25,168.8,confirmed,ok,2.9,42.2,42.84,1.015166,10,14.425,14.97,9.1,9.89,0.79,0.018565,0.017344,0.019324,0,0,0,0,0,0,0,0,0,20260513T134751+0900_190_orin_mob100_dvfs1_trt_v2.json
orin,mobilenet-v2-100,1,MODE_15W,dvfs1,jetson,0.5,168.8,confirmed,ok,2.9,84.4,85.095,1.008235,10,19.065,19.59,9.075,10.6,1.505,0.017759,0.017422,0.018954,0,0,0,0,0,0,0,0,0,20260513T134751+0900_190_orin_mob100_dvfs1_trt_v2.json
orin,mobilenet-v2-100,1,MODE_15W,dvfs1,jetson,0.75,168.8,confirmed,ok,2.9,126.6,126.925,1.002567,10,28.38,30.19,9.0,11.295,2.275,0.018046,0.017163,0.018285,0,0,0,0,0,0,0,0,0,20260513T134751+0900_190_orin_mob100_dvfs1_trt_v2.json
orin,mobilenet-v2-100,1,MODE_15W,dvfs1,jetson,1.0,168.8,confirmed,ok,2.9,168.8,169.115,1.001866,10,75.045,89.76,9.05,12.03,2.95,0.017646,0.017264,0.018046,0,0,0,0,0,0,0,0,0,20260513T134751+0900_190_orin_mob100_dvfs1_trt_v2.json
orin,mobilenet-v2-100,2,MODE_30W,dvfs2,jetson,0.25,316.4,confirmed,ok,4.46,79.1,78.165,0.98818,10,10.035,10.58,10.8,12.01,1.185,0.015266,0.013988,0.015851,0,0,0,0,0,0,0,0,0,20260513T140350+0900_101_orin_mob100_dvfs2_trt_v2.json
orin,mobilenet-v2-100,2,MODE_30W,dvfs2,jetson,0.5,316.4,confirmed,ok,4.46,158.2,158.87,1.004235,10,12.97,13.39,10.8,13.135,2.33,0.014686,0.014144,0.015059,0,0,0,0,0,0,0,0,0,20260513T140350+0900_101_orin_mob100_dvfs2_trt_v2.json
orin,mobilenet-v2-100,2,MODE_30W,dvfs2,jetson,0.75,316.4,confirmed,ok,4.46,237.3,237.19,0.999536,10,19.765,20.34,10.9,14.24,3.365,0.014147,0.014007,0.014531,0,0,0,0,0,0,0,0,0,20260513T140350+0900_101_orin_mob100_dvfs2_trt_v2.json
orin,mobilenet-v2-100,2,MODE_30W,dvfs2,jetson,1.0,316.4,confirmed,ok,4.46,316.4,315.455,0.997013,10,81.305,117.1,10.875,15.29,4.425,0.014004,0.013877,0.014285,0,1,0,0,0,4,0,0,0,20260513T140350+0900_101_orin_mob100_dvfs2_trt_v2.json
orin,mobilenet-v2-100,3,MODE_50W,dvfs3,jetson,0.25,409.7,confirmed_after_backoff,ok,6.95,102.42,103.415,1.009715,10,8.715,9.06,11.15,13.015,1.86,0.017966,0.017383,0.018705,0,0,0,0,0,0,0,0,0,20260513T141749+0900_557_orin_mob100_dvfs3_trt_v2.json
orin,mobilenet-v2-100,3,MODE_50W,dvfs3,jetson,0.5,409.7,confirmed_after_backoff,ok,6.95,204.85,206.01,1.005663,10,10.535,10.82,11.1,14.765,3.665,0.017779,0.017285,0.018049,0,0,0,0,0,0,0,0,0,20260513T141749+0900_557_orin_mob100_dvfs3_trt_v2.json
orin,mobilenet-v2-100,3,MODE_50W,dvfs3,jetson,0.75,409.7,confirmed_after_backoff,ok,6.95,307.27,304.96,0.992482,10,14.975,15.62,11.175,16.44,5.31,0.017308,0.01709,0.017608,0,0,0,0,0,0,0,0,0,20260513T141749+0900_557_orin_mob100_dvfs3_trt_v2.json
orin,mobilenet-v2-100,3,MODE_50W,dvfs3,jetson,1.0,409.7,confirmed_after_backoff,ok,6.95,409.7,410.005,1.000744,10,44.775,49.52,11.2,18.195,7.01,0.01707,0.016934,0.017362,0,0,0,0,0,0,0,0,0,20260513T141749+0900_557_orin_mob100_dvfs3_trt_v2.json
orin-nano,efficientnet-b4,0,15W,dvfs0,jetson,0.25,18.4,confirmed,ok,4.37,4.6,4.485,0.975,10,48.815,54.16,6.3,7.425,1.1,0.242688,0.193995,0.253863,0,0,0,0,0,0,0,0,0,20260512T030915+0900_753_orin-nano_effb4_dvfs0_trt_v2.json
orin-nano,efficientnet-b4,0,15W,dvfs0,jetson,0.5,18.4,confirmed,ok,4.37,9.2,9.075,0.986413,10,58.755,71.63,6.325,8.5,2.15,0.238935,0.229526,0.252834,0,0,0,0,0,0,0,0,0,20260512T030915+0900_753_orin-nano_effb4_dvfs0_trt_v2.json
orin-nano,efficientnet-b4,0,15W,dvfs0,jetson,0.75,18.4,confirmed,ok,4.37,13.8,13.59,0.984783,10,70.89,74.4,6.35,9.58,3.25,0.24131,0.224607,0.246596,0,0,0,0,0,0,0,0,0,20260512T030915+0900_753_orin-nano_effb4_dvfs0_trt_v2.json
orin-nano,efficientnet-b4,0,15W,dvfs0,jetson,1.0,18.4,confirmed,ok,4.37,18.4,18.715,1.01712,10,95.94,108.11,6.4,10.755,4.36,0.232151,0.225201,0.24035,0,1,0,0,0,2,0,0,0,20260512T030915+0900_753_orin-nano_effb4_dvfs0_trt_v2.json
orin-nano,efficientnet-b4,1,25W,dvfs1,jetson,0.25,28.8,confirmed,ok,7.0,7.2,7.015,0.974306,10,44.515,46.68,6.7,8.475,1.69,0.243529,0.233883,0.253468,0,0,0,0,0,0,0,0,0,20260512T032550+0900_257_orin-nano_effb4_dvfs1_trt_v2.json
orin-nano,efficientnet-b4,1,25W,dvfs1,jetson,0.5,28.8,confirmed,ok,7.0,14.4,14.375,0.998264,10,55.18,64.94,6.8,10.22,3.435,0.239422,0.233906,0.249163,0,0,0,0,0,0,0,0,0,20260512T032550+0900_257_orin-nano_effb4_dvfs1_trt_v2.json
orin-nano,efficientnet-b4,1,25W,dvfs1,jetson,0.75,28.8,confirmed,ok,7.0,21.6,21.62,1.000926,10,71.015,77.68,6.725,11.905,5.18,0.241572,0.234346,0.247628,0,0,0,0,0,0,0,0,0,20260512T032550+0900_257_orin-nano_effb4_dvfs1_trt_v2.json
orin-nano,efficientnet-b4,1,25W,dvfs1,jetson,1.0,28.8,confirmed,ok,7.0,28.8,29.01,1.007292,10,109.19,124.36,6.75,13.755,6.99,0.242114,0.23501,0.245537,1,1,0,0,0,7,0,0,0,20260512T032550+0900_257_orin-nano_effb4_dvfs1_trt_v2.json
orin-nano,efficientnet-b4,2,MAXN_SUPER,dvfs2,jetson,0.25,28.3,confirmed,ok,7.31,7.08,6.885,0.972458,10,41.33,43.96,7.025,8.845,1.835,0.26312,0.233618,0.286558,0,0,0,0,0,0,0,0,0,20260512T034056+0900_403_orin-nano_effb4_dvfs2_trt_v2.json
orin-nano,efficientnet-b4,2,MAXN_SUPER,dvfs2,jetson,0.5,28.3,confirmed,ok,7.31,14.15,13.94,0.985159,10,48.32,52.91,7.0,10.625,3.59,0.257561,0.24914,0.269347,0,0,0,0,0,0,0,0,0,20260512T034056+0900_403_orin-nano_effb4_dvfs2_trt_v2.json
orin-nano,efficientnet-b4,2,MAXN_SUPER,dvfs2,jetson,0.75,28.3,confirmed,ok,7.31,21.23,21.26,1.001413,10,68.405,72.57,7.1,12.485,5.415,0.254385,0.247408,0.260789,0,0,0,0,0,0,0,0,0,20260512T034056+0900_403_orin-nano_effb4_dvfs2_trt_v2.json
orin-nano,efficientnet-b4,2,MAXN_SUPER,dvfs2,jetson,1.0,28.3,confirmed,ok,7.31,28.3,28.2,0.996466,10,92.16,119.99,7.1,14.33,7.215,0.256056,0.251146,0.260792,0,1,0,0,0,1,0,0,0,20260512T034056+0900_403_orin-nano_effb4_dvfs2_trt_v2.json
orin-nano,efficientnet-b4,3,7W,dvfs3,jetson,0.25,2.0,confirmed,ok,0.44,0.5,0.515,1.03,10,62.425,69.61,5.6,5.73,0.115,0.240092,-0.184615,0.315789,0,0,1,1,1,0,1,10,1,20260512T035546+0900_630_orin-nano_effb4_dvfs3_trt_v2.json
orin-nano,efficientnet-b4,3,7W,dvfs3,jetson,0.5,2.0,confirmed,ok,0.44,1.0,0.995,0.995,10,64.14,115.03,5.6,5.865,0.28,0.271188,0.219178,0.410256,0,1,1,0,0,2,0,10,0,20260512T035546+0900_630_orin-nano_effb4_dvfs3_trt_v2.json
orin-nano,efficientnet-b4,3,7W,dvfs3,jetson,0.75,2.0,confirmed,ok,0.44,1.5,1.425,0.95,10,80.885,97.47,5.6,5.965,0.4,0.27864,0.230769,0.368,0,0,1,0,0,0,0,9,0,20260512T035546+0900_630_orin-nano_effb4_dvfs3_trt_v2.json
orin-nano,efficientnet-b4,3,7W,dvfs3,jetson,1.0,2.0,confirmed,ok,0.44,2.0,1.955,0.9775,10,94.04,116.12,5.6,6.095,0.53,0.270451,0.251366,0.326829,0,1,0,0,0,2,0,2,0,20260512T035546+0900_630_orin-nano_effb4_dvfs3_trt_v2.json
orin-nano,mobilenet-v2-050,0,15W,dvfs0,jetson,0.25,494.2,confirmed,ok,3.95,123.55,124.39,1.006799,10,5.835,6.0,6.3,7.395,1.095,0.008757,0.008379,0.009283,0,0,0,0,0,0,0,0,0,20260512T041656+0900_157_orin-nano_mob050_dvfs0_trt_v2.json
orin-nano,mobilenet-v2-050,0,15W,dvfs0,jetson,0.5,494.2,confirmed,ok,3.95,247.1,247.825,1.002934,10,7.46,7.56,6.3,8.415,2.115,0.008557,0.008411,0.008672,0,0,0,0,0,0,0,0,0,20260512T041656+0900_157_orin-nano_mob050_dvfs0_trt_v2.json
orin-nano,mobilenet-v2-050,0,15W,dvfs0,jetson,0.75,494.2,confirmed,ok,3.95,370.65,370.565,0.999771,10,11.23,11.78,6.3,9.39,3.085,0.008324,0.008176,0.008409,0,0,0,0,0,0,0,0,0,20260512T041656+0900_157_orin-nano_mob050_dvfs0_trt_v2.json
orin-nano,mobilenet-v2-050,0,15W,dvfs0,jetson,1.0,494.2,confirmed,ok,3.95,494.2,494.17,0.999939,10,44.52,67.62,6.3,10.34,4.03,0.00816,0.00797,0.008219,0,0,0,0,0,0,0,0,0,20260512T041656+0900_157_orin-nano_mob050_dvfs0_trt_v2.json
orin-nano,mobilenet-v2-050,1,25W,dvfs1,jetson,0.25,618.4,confirmed,ok,5.29,154.6,153.85,0.995149,10,5.065,5.1,6.7,8.105,1.405,0.009149,0.008902,0.009363,0,0,0,0,0,0,0,0,0,20260512T043047+0900_008_orin-nano_mob050_dvfs1_trt_v2.json
orin-nano,mobilenet-v2-050,1,25W,dvfs1,jetson,0.5,618.4,confirmed,ok,5.29,309.2,308.135,0.996556,10,6.175,6.51,6.7,9.42,2.71,0.008825,0.008597,0.008877,0,0,0,0,0,0,0,0,0,20260512T043047+0900_008_orin-nano_mob050_dvfs1_trt_v2.json
orin-nano,mobilenet-v2-050,1,25W,dvfs1,jetson,0.75,618.4,confirmed,ok,5.29,463.8,464.88,1.002329,10,9.725,10.21,6.725,10.665,3.945,0.008462,0.008298,0.008599,0,0,0,0,0,0,0,0,0,20260512T043047+0900_008_orin-nano_mob050_dvfs1_trt_v2.json
orin-nano,mobilenet-v2-050,1,25W,dvfs1,jetson,1.0,618.4,confirmed,ok,5.29,618.4,617.835,0.999086,10,40.565,56.71,6.7,11.82,5.12,0.008289,0.008154,0.008311,0,0,0,0,0,0,0,0,0,20260512T043047+0900_008_orin-nano_mob050_dvfs1_trt_v2.json
orin-nano,mobilenet-v2-050,2,MAXN_SUPER,dvfs2,jetson,0.25,663.5,confirmed_after_backoff,ok,5.91,165.88,165.035,0.994906,10,4.77,4.96,7.0,8.635,1.62,0.009798,0.009546,0.009993,0,0,0,0,0,0,0,0,0,20260512T044330+0900_242_orin-nano_mob050_dvfs2_trt_v2.json
orin-nano,mobilenet-v2-050,2,MAXN_SUPER,dvfs2,jetson,0.5,663.5,confirmed_after_backoff,ok,5.91,331.75,331.96,1.000633,10,5.825,5.94,7.025,10.115,3.1,0.009336,0.009065,0.009392,0,0,0,0,0,0,0,0,0,20260512T044330+0900_242_orin-nano_mob050_dvfs2_trt_v2.json
orin-nano,mobilenet-v2-050,2,MAXN_SUPER,dvfs2,jetson,0.75,663.5,confirmed_after_backoff,ok,5.91,497.62,496.455,0.997659,10,9.08,9.85,7.0,11.47,4.455,0.008987,0.008853,0.009037,0,0,0,0,0,0,0,0,0,20260512T044330+0900_242_orin-nano_mob050_dvfs2_trt_v2.json
orin-nano,mobilenet-v2-050,2,MAXN_SUPER,dvfs2,jetson,1.0,663.5,confirmed_after_backoff,ok,5.91,663.5,664.47,1.001462,10,49.77,87.3,7.075,12.86,5.805,0.008719,0.008663,0.008799,0,0,0,0,0,0,0,0,0,20260512T044330+0900_242_orin-nano_mob050_dvfs2_trt_v2.json
orin-nano,mobilenet-v2-050,3,7W,dvfs3,jetson,0.25,268.3,confirmed,ok,2.34,67.08,66.965,0.998286,10,9.975,10.55,5.6,6.24,0.65,0.009816,0.008979,0.011073,0,0,0,0,0,0,0,0,0,20260512T050110+0900_867_orin-nano_mob050_dvfs3_trt_v2.json
orin-nano,mobilenet-v2-050,3,7W,dvfs3,jetson,0.5,268.3,confirmed,ok,2.34,134.15,134.425,1.00205,10,12.355,12.85,5.6,6.815,1.225,0.009108,0.008897,0.009896,0,0,0,0,0,0,0,0,0,20260512T050110+0900_867_orin-nano_mob050_dvfs3_trt_v2.json
orin-nano,mobilenet-v2-050,3,7W,dvfs3,jetson,0.75,268.3,confirmed,ok,2.34,201.23,202.04,1.004025,10,20.085,24.08,5.6,7.4,1.8,0.008873,0.007969,0.009335,0,0,0,0,0,0,0,0,0,20260512T050110+0900_867_orin-nano_mob050_dvfs3_trt_v2.json
orin-nano,mobilenet-v2-050,3,7W,dvfs3,jetson,1.0,268.3,confirmed,ok,2.34,268.3,268.19,0.99959,10,66.615,83.92,5.6,7.915,2.315,0.008649,0.008532,0.00887,0,0,0,0,0,0,0,0,0,20260512T050110+0900_867_orin-nano_mob050_dvfs3_trt_v2.json
orin-nano,mobilenet-v2-100,0,15W,dvfs0,jetson,0.25,353.9,confirmed,ok,5.21,88.47,88.845,1.004239,10,7.565,7.76,6.3,7.73,1.42,0.015997,0.015152,0.016456,0,0,0,0,0,0,0,0,0,20260512T053025+0900_936_orin-nano_mob100_dvfs0_trt_v2.json
orin-nano,mobilenet-v2-100,0,15W,dvfs0,jetson,0.5,353.9,confirmed,ok,5.21,176.95,177.775,1.004662,10,9.365,9.73,6.3,9.045,2.71,0.015357,0.014917,0.015571,0,0,0,0,0,0,0,0,0,20260512T053025+0900_936_orin-nano_mob100_dvfs0_trt_v2.json
orin-nano,mobilenet-v2-100,0,15W,dvfs0,jetson,0.75,353.9,confirmed,ok,5.21,265.42,265.84,1.001582,10,14.56,15.72,6.35,10.33,3.98,0.014941,0.014776,0.015275,0,0,0,0,0,0,0,0,0,20260512T053025+0900_936_orin-nano_mob100_dvfs0_trt_v2.json
orin-nano,mobilenet-v2-100,0,15W,dvfs0,jetson,1.0,353.9,confirmed,ok,5.21,353.9,353.845,0.999845,10,48.195,57.3,6.3,11.515,5.19,0.014693,0.014422,0.01493,0,0,0,0,0,0,0,0,0,20260512T053025+0900_936_orin-nano_mob100_dvfs0_trt_v2.json
orin-nano,mobilenet-v2-100,1,25W,dvfs1,jetson,0.25,446.9,confirmed,ok,6.97,111.72,112.075,1.003178,10,6.255,6.47,6.7,8.505,1.795,0.016169,0.015556,0.016334,0,0,0,0,0,0,0,0,0,20260512T054322+0900_161_orin-nano_mob100_dvfs1_trt_v2.json
orin-nano,mobilenet-v2-100,1,25W,dvfs1,jetson,0.5,446.9,confirmed,ok,6.97,223.45,223.735,1.001275,10,8.345,8.7,6.775,10.21,3.45,0.015474,0.015168,0.015804,0,0,0,0,0,0,0,0,0,20260512T054322+0900_161_orin-nano_mob100_dvfs1_trt_v2.json
orin-nano,mobilenet-v2-100,1,25W,dvfs1,jetson,0.75,446.9,confirmed,ok,6.97,335.17,334.87,0.999105,10,12.905,13.54,6.7,11.825,5.125,0.015326,0.015045,0.015434,0,0,0,0,0,0,0,0,0,20260512T054322+0900_161_orin-nano_mob100_dvfs1_trt_v2.json
orin-nano,mobilenet-v2-100,1,25W,dvfs1,jetson,1.0,446.9,confirmed,ok,6.97,446.9,446.34,0.998747,10,55.055,84.96,6.8,13.49,6.755,0.015055,0.014981,0.015285,0,0,0,0,0,0,0,0,0,20260512T054322+0900_161_orin-nano_mob100_dvfs1_trt_v2.json
orin-nano,mobilenet-v2-100,2,MAXN_SUPER,dvfs2,jetson,0.25,494.8,confirmed,ok,8.0,123.7,123.835,1.001091,10,5.97,6.11,7.05,9.165,2.11,0.017013,0.016487,0.017561,0,0,0,0,0,0,0,0,0,20260512T055622+0900_373_orin-nano_mob100_dvfs2_trt_v2.json
orin-nano,mobilenet-v2-100,2,MAXN_SUPER,dvfs2,jetson,0.5,494.8,confirmed,ok,8.0,247.4,246.915,0.99804,10,7.86,8.25,7.0,11.14,4.1,0.016562,0.016355,0.016902,0,0,0,0,0,0,0,0,0,20260512T055622+0900_373_orin-nano_mob100_dvfs2_trt_v2.json
orin-nano,mobilenet-v2-100,2,MAXN_SUPER,dvfs2,jetson,0.75,494.8,confirmed,ok,8.0,371.1,371.18,1.000216,10,12.945,13.85,7.025,13.09,6.055,0.01628,0.016088,0.016495,0,0,0,0,0,0,0,0,0,20260512T055622+0900_373_orin-nano_mob100_dvfs2_trt_v2.json
orin-nano,mobilenet-v2-100,2,MAXN_SUPER,dvfs2,jetson,1.0,494.8,confirmed,ok,8.0,494.8,493.39,0.99715,10,126.315,187.29,7.1,15.04,7.96,0.01612,0.016005,0.0163,1,1,0,0,0,6,0,0,0,20260512T055622+0900_373_orin-nano_mob100_dvfs2_trt_v2.json
orin-nano,mobilenet-v2-100,3,7W,dvfs3,jetson,0.25,177.0,confirmed,ok,2.74,44.25,44.79,1.012203,10,12.975,13.34,5.5,6.335,0.82,0.018471,0.016453,0.019887,0,0,0,0,0,0,0,0,0,20260512T060908+0900_650_orin-nano_mob100_dvfs3_trt_v2.json
orin-nano,mobilenet-v2-100,3,7W,dvfs3,jetson,0.5,177.0,confirmed,ok,2.74,88.5,88.45,0.999435,10,17.795,18.82,5.6,7.04,1.445,0.016288,0.016022,0.017162,0,0,0,0,0,0,0,0,0,20260512T060908+0900_650_orin-nano_mob100_dvfs3_trt_v2.json
orin-nano,mobilenet-v2-100,3,7W,dvfs3,jetson,0.75,177.0,confirmed,ok,2.74,132.75,134.095,1.010132,10,27.635,30.32,5.6,7.73,2.13,0.015952,0.015695,0.016312,0,0,0,0,0,0,0,0,0,20260512T060908+0900_650_orin-nano_mob100_dvfs3_trt_v2.json
orin-nano,mobilenet-v2-100,3,7W,dvfs3,jetson,1.0,177.0,confirmed,ok,2.74,177.0,177.075,1.000424,10,89.93,173.28,5.6,8.395,2.78,0.015776,0.015481,0.016926,0,1,0,0,0,5,0,0,0,20260512T060908+0900_650_orin-nano_mob100_dvfs3_trt_v2.json
rasp5,mobilenet-v2-050,0,fixed,dvfs0,sbc_npu,0.25,42.9,confirmed_after_backoff,ok,4.51,10.72,10.725,1.000466,10,36.935,39.28,4.8,5.9,1.1,0.103211,0.092453,0.105505,0,0,0,0,0,0,0,0,0,20260508T054216+0900_706_rasp5_mob050_dvfs0_cpu_v2.json
rasp5,mobilenet-v2-050,0,fixed,dvfs0,sbc_npu,0.5,42.9,confirmed_after_backoff,ok,4.51,21.45,21.3,0.993007,10,45.055,48.58,4.825,7.035,2.165,0.104093,0.097538,0.106824,0,0,0,0,0,0,0,0,0,20260508T054216+0900_706_rasp5_mob050_dvfs0_cpu_v2.json
rasp5,mobilenet-v2-050,0,fixed,dvfs0,sbc_npu,0.75,42.9,confirmed_after_backoff,ok,4.51,32.17,32.085,0.997358,10,57.15,65.51,4.825,8.2,3.305,0.103931,0.100365,0.107889,0,0,0,0,0,0,0,0,0,20260508T054216+0900_706_rasp5_mob050_dvfs0_cpu_v2.json
rasp5,mobilenet-v2-050,0,fixed,dvfs0,sbc_npu,1.0,42.9,confirmed_after_backoff,ok,4.51,42.9,42.84,0.998601,10,86.63,102.68,4.8,9.365,4.565,0.105421,0.104717,0.107168,0,1,0,0,0,1,0,0,0,20260508T054216+0900_706_rasp5_mob050_dvfs0_cpu_v2.json
rasp5,mobilenet-v2-100,0,fixed,dvfs0,sbc_npu,0.25,12.7,confirmed,ok,2.65,3.17,3.05,0.962145,10,61.085,70.21,4.8,5.405,0.6,0.202284,0.175074,0.213415,0,0,0,0,0,0,0,0,0,20260513T133122+0900_572_rasp5_mob100_dvfs0_cpu_v2.json
rasp5,mobilenet-v2-100,0,fixed,dvfs0,sbc_npu,0.5,12.7,confirmed,ok,2.65,6.35,6.455,1.016535,10,70.965,79.21,4.8,6.12,1.32,0.205379,0.191736,0.210769,0,0,0,0,0,0,0,0,0,20260513T133122+0900_572_rasp5_mob100_dvfs0_cpu_v2.json
rasp5,mobilenet-v2-100,0,fixed,dvfs0,sbc_npu,0.75,12.7,confirmed,ok,2.65,9.52,9.46,0.993697,10,84.055,98.09,4.8,6.79,1.965,0.208528,0.205495,0.218653,0,0,0,0,0,0,0,0,0,20260513T133122+0900_572_rasp5_mob100_dvfs0_cpu_v2.json
rasp5,mobilenet-v2-100,0,fixed,dvfs0,sbc_npu,1.0,12.7,confirmed,ok,2.65,12.7,12.75,1.003937,10,92.005,113.33,4.8,7.51,2.68,0.211294,0.204882,0.222222,0,1,0,0,0,1,0,0,0,20260513T133122+0900_572_rasp5_mob100_dvfs0_cpu_v2.json
xavier,efficientnet-b4,0,MODE_15W_2CORE,dvfs0,jetson,0.25,7.8,confirmed,ok,4.25,1.95,1.835,0.941026,10,61.645,78.88,9.725,10.805,1.115,0.613042,0.394444,0.687117,0,0,0,0,0,0,0,0,0,20260514T083731+0900_371_xavier_effb4_dvfs0_trt_v2.json
xavier,efficientnet-b4,0,MODE_15W_2CORE,dvfs0,jetson,0.5,7.8,confirmed,ok,4.25,3.9,3.925,1.00641,10,78.095,79.91,9.625,12.025,2.4,0.606731,0.578667,0.631098,0,0,0,0,0,0,0,0,0,20260514T083731+0900_371_xavier_effb4_dvfs0_trt_v2.json
xavier,efficientnet-b4,0,MODE_15W_2CORE,dvfs0,jetson,0.75,7.8,confirmed,ok,4.25,5.85,5.72,0.977778,10,82.605,87.3,9.65,13.13,3.45,0.605163,0.549822,0.642202,0,0,0,0,0,0,0,0,0,20260514T083731+0900_371_xavier_effb4_dvfs0_trt_v2.json
xavier,efficientnet-b4,0,MODE_15W_2CORE,dvfs0,jetson,1.0,7.8,confirmed,ok,4.25,7.8,7.79,0.998718,10,88.94,116.02,9.7,14.305,4.655,0.599433,0.565823,0.6175,0,1,0,0,0,4,0,0,0,20260514T083731+0900_371_xavier_effb4_dvfs0_trt_v2.json
xavier,efficientnet-b4,1,MODE_15W_4CORE,dvfs1,jetson,0.25,8.4,confirmed,ok,5.01,2.1,2.045,0.97381,10,63.375,79.24,9.8,11.1,1.335,0.626924,0.544554,0.715789,0,0,0,0,0,0,0,0,0,20260514T085247+0900_692_xavier_effb4_dvfs1_trt_v2.json
xavier,efficientnet-b4,1,MODE_15W_4CORE,dvfs1,jetson,0.5,8.4,confirmed,ok,5.01,4.2,4.245,1.010714,10,78.205,83.75,9.75,12.275,2.525,0.59909,0.547393,0.63466,0,0,0,0,0,0,0,0,0,20260514T085247+0900_692_xavier_effb4_dvfs1_trt_v2.json
xavier,efficientnet-b4,1,MODE_15W_4CORE,dvfs1,jetson,0.75,8.4,confirmed,ok,5.01,6.3,6.375,1.011905,10,83.93,95.66,9.8,13.62,3.8,0.59634,0.554295,0.625183,0,0,0,0,0,0,0,0,0,20260514T085247+0900_692_xavier_effb4_dvfs1_trt_v2.json
xavier,efficientnet-b4,1,MODE_15W_4CORE,dvfs1,jetson,1.0,8.4,confirmed,ok,5.01,8.4,8.625,1.026786,10,91.765,100.35,9.8,14.85,5.065,0.58841,0.564162,0.617178,0,1,0,0,0,1,0,0,0,20260514T085247+0900_692_xavier_effb4_dvfs1_trt_v2.json
xavier,efficientnet-b4,2,MODE_15W_6CORE,dvfs2,jetson,0.25,9.2,confirmed_after_backoff,ok,5.49,2.3,2.225,0.967391,10,59.805,79.94,9.9,11.295,1.395,0.621396,0.561181,0.651282,0,0,0,0,0,0,0,0,0,20260514T090838+0900_670_xavier_effb4_dvfs2_trt_v2.json
xavier,efficientnet-b4,2,MODE_15W_6CORE,dvfs2,jetson,0.5,9.2,confirmed_after_backoff,ok,5.49,4.6,4.6,1.0,10,79.905,90.09,9.9,12.67,2.75,0.597894,0.557778,0.610879,0,0,0,0,0,0,0,0,0,20260514T090838+0900_670_xavier_effb4_dvfs2_trt_v2.json
xavier,efficientnet-b4,2,MODE_15W_6CORE,dvfs2,jetson,0.75,9.2,confirmed_after_backoff,ok,5.49,6.9,6.86,0.994203,10,87.035,97.45,9.9,13.945,3.995,0.598558,0.572059,0.625392,0,0,0,0,0,0,0,0,0,20260514T090838+0900_670_xavier_effb4_dvfs2_trt_v2.json
xavier,efficientnet-b4,2,MODE_15W_6CORE,dvfs2,jetson,1.0,9.2,confirmed_after_backoff,ok,5.49,9.2,8.86,0.963043,10,102.48,127.39,9.95,15.21,5.31,0.591162,0.568706,0.61793,1,1,0,0,0,6,0,0,0,20260514T090838+0900_670_xavier_effb4_dvfs2_trt_v2.json
xavier,efficientnet-b4,3,MODE_10W_2CORE,dvfs3,jetson,0.25,5.5,confirmed,ok,2.43,1.38,1.285,0.931159,10,59.73,92.34,9.425,10.015,0.595,0.470668,0.348214,0.6,0,0,0,0,0,0,0,1,0,20260514T092737+0900_735_xavier_effb4_dvfs3_trt_v2.json
xavier,efficientnet-b4,3,MODE_10W_2CORE,dvfs3,jetson,0.5,5.5,confirmed,ok,2.43,2.75,2.645,0.961818,10,87.43,93.56,9.3,10.655,1.315,0.501852,0.438819,0.535581,0,0,0,0,0,0,0,0,0,20260514T092737+0900_735_xavier_effb4_dvfs3_trt_v2.json
xavier,efficientnet-b4,3,MODE_10W_2CORE,dvfs3,jetson,0.75,5.5,confirmed,ok,2.43,4.12,4.1,0.995146,10,95.295,101.34,9.45,11.32,1.925,0.461265,0.432432,0.485294,0,1,0,0,0,1,0,0,0,20260514T092737+0900_735_xavier_effb4_dvfs3_trt_v2.json
xavier,efficientnet-b4,3,MODE_10W_2CORE,dvfs3,jetson,1.0,5.5,confirmed,ok,2.43,5.5,5.41,0.983636,10,100.755,110.78,9.325,11.925,2.515,0.474526,0.444643,0.5,1,1,0,0,0,5,0,0,0,20260514T092737+0900_735_xavier_effb4_dvfs3_trt_v2.json
xavier,efficientnet-b4,4,MODE_10W_4CORE,dvfs4,jetson,0.25,5.2,confirmed_after_backoff,ok,2.35,1.3,1.255,0.965385,10,62.16,82.96,9.425,10.055,0.63,0.498868,0.204918,0.619048,0,0,0,0,0,0,0,1,0,20260514T094447+0900_333_xavier_effb4_dvfs4_trt_v2.json
xavier,efficientnet-b4,4,MODE_10W_4CORE,dvfs4,jetson,0.5,5.2,confirmed_after_backoff,ok,2.35,2.6,2.59,0.996154,10,83.715,95.3,9.4,10.63,1.205,0.503333,0.406977,0.566116,0,0,0,0,0,0,0,0,0,20260514T094447+0900_333_xavier_effb4_dvfs4_trt_v2.json
xavier,efficientnet-b4,4,MODE_10W_4CORE,dvfs4,jetson,0.75,5.2,confirmed_after_backoff,ok,2.35,3.9,3.865,0.991026,10,95.66,107.2,9.4,11.29,1.915,0.472807,0.428571,0.496104,0,1,0,0,0,1,0,0,0,20260514T094447+0900_333_xavier_effb4_dvfs4_trt_v2.json
xavier,efficientnet-b4,4,MODE_10W_4CORE,dvfs4,jetson,1.0,5.2,confirmed_after_backoff,ok,2.35,5.2,5.165,0.993269,10,98.615,102.55,9.425,11.835,2.39,0.474353,0.438462,0.492481,0,1,0,0,0,3,0,0,0,20260514T094447+0900_333_xavier_effb4_dvfs4_trt_v2.json
xavier,efficientnet-b4,5,MODE_10W_DESKTOP,dvfs5,jetson,0.25,1.1,confirmed,ok,0.49,0.28,0.27,0.964286,10,72.97,84.41,9.5,9.725,0.235,0.902467,0.296296,1.304348,0,0,1,0,0,0,0,10,0,20260514T100910+0900_243_xavier_effb4_dvfs5_trt_v2.json
xavier,efficientnet-b4,5,MODE_10W_DESKTOP,dvfs5,jetson,0.5,1.1,confirmed,ok,0.49,0.55,0.55,1.0,10,73.18,100.06,9.5,9.89,0.405,0.737069,0.633333,0.9375,0,1,1,0,0,1,0,9,0,20260514T100910+0900_243_xavier_effb4_dvfs5_trt_v2.json
xavier,efficientnet-b4,5,MODE_10W_DESKTOP,dvfs5,jetson,0.75,1.1,confirmed,ok,0.49,0.83,0.775,0.933735,10,84.24,132.42,9.5,9.97,0.46,0.590919,0.3,0.747126,0,1,1,0,0,3,0,6,0,20260514T100910+0900_243_xavier_effb4_dvfs5_trt_v2.json
xavier,efficientnet-b4,5,MODE_10W_DESKTOP,dvfs5,jetson,1.0,1.1,confirmed,ok,0.49,1.1,1.115,1.013636,10,98.11,116.43,9.5,10.195,0.71,0.619659,0.47619,0.742857,0,1,0,0,0,5,0,0,0,20260514T100910+0900_243_xavier_effb4_dvfs5_trt_v2.json
xavier,efficientnet-b4,6,MODE_20W_2CORE,dvfs6,jetson,0.25,8.4,confirmed,ok,5.11,2.1,2.1,1.0,10,49.27,64.88,10.1,11.395,1.27,0.600302,0.504505,0.675556,0,0,0,0,0,0,0,0,0,20260514T102908+0900_841_xavier_effb4_dvfs6_trt_v2.json
xavier,efficientnet-b4,6,MODE_20W_2CORE,dvfs6,jetson,0.5,8.4,confirmed,ok,5.11,4.2,4.16,0.990476,10,68.78,74.48,10.125,12.595,2.455,0.585619,0.555276,0.635714,0,0,0,0,0,0,0,0,0,20260514T102908+0900_841_xavier_effb4_dvfs6_trt_v2.json
xavier,efficientnet-b4,6,MODE_20W_2CORE,dvfs6,jetson,0.75,8.4,confirmed,ok,5.11,6.3,6.265,0.994444,10,79.87,82.55,10.1,13.76,3.675,0.588488,0.554765,0.616807,0,0,0,0,0,0,0,0,0,20260514T102908+0900_841_xavier_effb4_dvfs6_trt_v2.json
xavier,efficientnet-b4,6,MODE_20W_2CORE,dvfs6,jetson,1.0,8.4,confirmed,ok,5.11,8.4,8.3,0.988095,10,85.895,98.97,10.125,15.02,4.895,0.583133,0.526012,0.612791,0,0,0,0,0,0,0,0,0,20260514T102908+0900_841_xavier_effb4_dvfs6_trt_v2.json
xavier,efficientnet-b4,7,MODE_20W_4CORE,dvfs7,jetson,0.25,9.7,confirmed,ok,5.65,2.42,2.3,0.950413,10,62.835,71.95,10.2,11.65,1.38,0.608537,0.560311,0.697959,0,0,0,0,0,0,0,0,0,20260514T104421+0900_359_xavier_effb4_dvfs7_trt_v2.json
xavier,efficientnet-b4,7,MODE_20W_4CORE,dvfs7,jetson,0.5,9.7,confirmed,ok,5.65,4.85,4.625,0.953608,10,74.13,79.27,10.2,12.975,2.775,0.590163,0.55792,0.632653,0,0,0,0,0,0,0,0,0,20260514T104421+0900_359_xavier_effb4_dvfs7_trt_v2.json
xavier,efficientnet-b4,7,MODE_20W_4CORE,dvfs7,jetson,0.75,9.7,confirmed,ok,5.65,7.27,7.205,0.991059,10,82.79,85.46,10.2,14.475,4.31,0.596425,0.57953,0.608571,0,0,0,0,0,0,0,0,0,20260514T104421+0900_359_xavier_effb4_dvfs7_trt_v2.json
xavier,efficientnet-b4,7,MODE_20W_4CORE,dvfs7,jetson,1.0,9.7,confirmed,ok,5.65,9.7,9.905,1.021134,10,93.835,112.38,10.25,16.24,5.915,0.592916,0.581441,0.623364,0,1,0,0,0,2,0,0,0,20260514T104421+0900_359_xavier_effb4_dvfs7_trt_v2.json
xavier,efficientnet-b4,8,MODE_20W_6CORE,dvfs8,jetson,0.25,10.7,confirmed_after_backoff,ok,6.3,2.67,2.68,1.003745,10,65.815,73.45,10.3,11.97,1.66,0.603046,0.460317,0.732794,0,0,0,0,0,0,0,0,0,20260514T105958+0900_396_xavier_effb4_dvfs8_trt_v2.json
xavier,efficientnet-b4,8,MODE_20W_6CORE,dvfs8,jetson,0.5,10.7,confirmed_after_backoff,ok,6.3,5.35,5.415,1.01215,10,77.68,79.9,10.35,13.465,3.18,0.591268,0.543986,0.633517,0,0,0,0,0,0,0,0,0,20260514T105958+0900_396_xavier_effb4_dvfs8_trt_v2.json
xavier,efficientnet-b4,8,MODE_20W_6CORE,dvfs8,jetson,0.75,10.7,confirmed_after_backoff,ok,6.3,8.02,8.275,1.031796,10,87.06,95.1,10.325,15.255,4.915,0.591973,0.56925,0.607488,0,0,0,0,0,0,0,0,0,20260514T105958+0900_396_xavier_effb4_dvfs8_trt_v2.json
xavier,efficientnet-b4,8,MODE_20W_6CORE,dvfs8,jetson,1.0,10.7,confirmed_after_backoff,ok,6.3,10.7,10.775,1.007009,10,104.055,119.06,10.4,16.86,6.485,0.59455,0.573896,0.610377,1,1,0,0,0,6,0,0,0,20260514T105958+0900_396_xavier_effb4_dvfs8_trt_v2.json
xavier,mobilenet-v2-050,0,MODE_15W_2CORE,dvfs0,jetson,0.25,256.2,confirmed,ok,5.99,64.05,64.105,1.000859,10,12.535,12.96,9.55,11.235,1.715,0.02677,0.022703,0.027952,0,0,0,0,0,0,0,0,0,20260508T054227+0900_623_xavier_mob050_dvfs0_trt_v2.json
xavier,mobilenet-v2-050,0,MODE_15W_2CORE,dvfs0,jetson,0.5,256.2,confirmed,ok,5.99,128.1,128.86,1.005933,10,17.38,17.89,9.7,12.74,3.055,0.023741,0.022933,0.024627,0,0,0,0,0,0,0,0,0,20260508T054227+0900_623_xavier_mob050_dvfs0_trt_v2.json
xavier,mobilenet-v2-050,0,MODE_15W_2CORE,dvfs0,jetson,0.75,256.2,confirmed,ok,5.99,192.15,190.6,0.991933,10,26.395,28.83,9.6,14.16,4.525,0.023788,0.022922,0.024422,0,0,0,0,0,0,0,0,0,20260508T054227+0900_623_xavier_mob050_dvfs0_trt_v2.json
xavier,mobilenet-v2-050,0,MODE_15W_2CORE,dvfs0,jetson,1.0,256.2,confirmed,ok,5.99,256.2,257.035,1.003259,10,72.225,92.18,9.65,15.655,6.005,0.023478,0.022627,0.023813,0,0,0,0,0,0,0,0,0,20260508T054227+0900_623_xavier_mob050_dvfs0_trt_v2.json
xavier,mobilenet-v2-050,1,MODE_15W_4CORE,dvfs1,jetson,0.25,275.0,confirmed,ok,6.22,68.75,68.625,0.998182,10,12.325,12.9,9.7,11.44,1.725,0.02544,0.023648,0.026952,0,0,0,0,0,0,0,0,0,20260508T055620+0900_882_xavier_mob050_dvfs1_trt_v2.json
xavier,mobilenet-v2-050,1,MODE_15W_4CORE,dvfs1,jetson,0.5,275.0,confirmed,ok,6.22,137.5,137.485,0.999891,10,15.475,16.63,9.8,13.0,3.235,0.023426,0.022312,0.024848,0,0,0,0,0,0,0,0,0,20260508T055620+0900_882_xavier_mob050_dvfs1_trt_v2.json
xavier,mobilenet-v2-050,1,MODE_15W_4CORE,dvfs1,jetson,0.75,275.0,confirmed,ok,6.22,206.25,206.4,1.000727,10,24.165,24.87,9.8,14.53,4.77,0.023051,0.022575,0.02363,0,0,0,0,0,0,0,0,0,20260508T055620+0900_882_xavier_mob050_dvfs1_trt_v2.json
xavier,mobilenet-v2-050,1,MODE_15W_4CORE,dvfs1,jetson,1.0,275.0,confirmed,ok,6.22,275.0,275.3,1.001091,10,81.06,129.98,9.7,16.03,6.295,0.022866,0.022252,0.023074,0,1,0,0,0,3,0,0,0,20260508T055620+0900_882_xavier_mob050_dvfs1_trt_v2.json
xavier,mobilenet-v2-050,2,MODE_15W_6CORE,dvfs2,jetson,0.25,287.5,confirmed,ok,6.61,71.88,71.2,0.99054,10,11.91,12.23,9.875,11.61,1.74,0.024455,0.021539,0.02616,0,0,0,0,0,0,0,0,0,20260508T060901+0900_576_xavier_mob050_dvfs2_trt_v2.json
xavier,mobilenet-v2-050,2,MODE_15W_6CORE,dvfs2,jetson,0.5,287.5,confirmed,ok,6.61,143.75,144.825,1.007478,10,15.555,16.18,9.875,13.25,3.39,0.023407,0.021722,0.024015,0,0,0,0,0,0,0,0,0,20260508T060901+0900_576_xavier_mob050_dvfs2_trt_v2.json
xavier,mobilenet-v2-050,2,MODE_15W_6CORE,dvfs2,jetson,0.75,287.5,confirmed,ok,6.61,215.62,215.86,1.001113,10,23.745,24.71,9.9,14.82,4.95,0.02301,0.022189,0.023639,0,0,0,0,0,0,0,0,0,20260508T060901+0900_576_xavier_mob050_dvfs2_trt_v2.json
xavier,mobilenet-v2-050,2,MODE_15W_6CORE,dvfs2,jetson,1.0,287.5,confirmed,ok,6.61,287.5,288.015,1.001791,10,81.765,128.06,9.875,16.415,6.515,0.022713,0.021951,0.023091,0,1,0,0,0,2,0,0,0,20260508T060901+0900_576_xavier_mob050_dvfs2_trt_v2.json
xavier,mobilenet-v2-050,3,MODE_10W_2CORE,dvfs3,jetson,0.25,218.8,confirmed,ok,3.77,54.7,54.25,0.991773,10,14.26,15.14,9.4,10.52,1.07,0.019765,0.017222,0.022202,0,0,0,0,0,0,0,0,0,20260508T062135+0900_807_xavier_mob050_dvfs3_trt_v2.json
xavier,mobilenet-v2-050,3,MODE_10W_2CORE,dvfs3,jetson,0.5,218.8,confirmed,ok,3.77,109.4,109.515,1.001051,10,19.65,20.23,9.4,11.49,2.105,0.01919,0.018449,0.019822,0,0,0,0,0,0,0,0,0,20260508T062135+0900_807_xavier_mob050_dvfs3_trt_v2.json
xavier,mobilenet-v2-050,3,MODE_10W_2CORE,dvfs3,jetson,0.75,218.8,confirmed,ok,3.77,164.1,164.08,0.999878,10,31.57,36.21,9.4,12.475,3.05,0.018666,0.017294,0.019361,0,0,0,0,0,0,0,0,0,20260508T062135+0900_807_xavier_mob050_dvfs3_trt_v2.json
xavier,mobilenet-v2-050,3,MODE_10W_2CORE,dvfs3,jetson,1.0,218.8,confirmed,ok,3.77,218.8,217.68,0.994881,10,87.23,841.04,9.4,13.415,4.0,0.018434,0.018033,0.018804,0,1,0,0,0,3,0,0,0,20260508T062135+0900_807_xavier_mob050_dvfs3_trt_v2.json
xavier,mobilenet-v2-050,4,MODE_10W_4CORE,dvfs4,jetson,0.25,225.6,confirmed_after_backoff,ok,3.94,56.4,55.64,0.986525,10,13.625,13.88,9.525,10.605,1.06,0.019103,0.016522,0.021654,0,0,0,0,0,0,0,0,0,20260508T063545+0900_757_xavier_mob050_dvfs4_trt_v2.json
xavier,mobilenet-v2-050,4,MODE_10W_4CORE,dvfs4,jetson,0.5,225.6,confirmed_after_backoff,ok,3.94,112.8,113.155,1.003147,10,17.395,18.01,9.5,11.61,2.15,0.018891,0.016674,0.019726,0,0,0,0,0,0,0,0,0,20260508T063545+0900_757_xavier_mob050_dvfs4_trt_v2.json
xavier,mobilenet-v2-050,4,MODE_10W_4CORE,dvfs4,jetson,0.75,225.6,confirmed_after_backoff,ok,3.94,169.2,169.49,1.001714,10,25.995,27.87,9.5,12.59,3.1,0.018405,0.017573,0.018813,0,0,0,0,0,0,0,0,0,20260508T063545+0900_757_xavier_mob050_dvfs4_trt_v2.json
xavier,mobilenet-v2-050,4,MODE_10W_4CORE,dvfs4,jetson,1.0,225.6,confirmed_after_backoff,ok,3.94,225.6,226.875,1.005652,10,61.205,119.66,9.5,13.585,4.095,0.018006,0.01727,0.018571,0,1,0,0,0,1,0,0,0,20260508T063545+0900_757_xavier_mob050_dvfs4_trt_v2.json
xavier,mobilenet-v2-050,5,MODE_10W_DESKTOP,dvfs5,jetson,0.25,212.5,confirmed,ok,4.57,53.12,53.1,0.999623,10,13.59,14.07,9.575,10.93,1.365,0.025509,0.023006,0.027177,0,0,0,0,0,0,0,0,0,20260508T065832+0900_837_xavier_mob050_dvfs5_trt_v2.json
xavier,mobilenet-v2-050,5,MODE_10W_DESKTOP,dvfs5,jetson,0.5,212.5,confirmed,ok,4.57,106.25,105.9,0.996706,10,17.755,18.37,9.6,12.12,2.545,0.024018,0.022643,0.025031,0,0,0,0,0,0,0,0,0,20260508T065832+0900_837_xavier_mob050_dvfs5_trt_v2.json
xavier,mobilenet-v2-050,5,MODE_10W_DESKTOP,dvfs5,jetson,0.75,212.5,confirmed,ok,4.57,159.38,158.895,0.996957,10,26.07,29.24,9.6,13.275,3.665,0.023067,0.022375,0.024204,0,0,0,0,0,0,0,0,0,20260508T065832+0900_837_xavier_mob050_dvfs5_trt_v2.json
xavier,mobilenet-v2-050,5,MODE_10W_DESKTOP,dvfs5,jetson,1.0,212.5,confirmed,ok,4.57,212.5,213.86,1.0064,10,86.66,147.45,9.575,14.515,4.925,0.023102,0.021906,0.023502,0,1,0,0,0,3,0,0,0,20260508T065832+0900_837_xavier_mob050_dvfs5_trt_v2.json
xavier,mobilenet-v2-050,6,MODE_20W_2CORE,dvfs6,jetson,0.25,273.1,confirmed_after_backoff,ok,6.42,68.28,68.165,0.998316,10,11.795,12.51,10.15,11.91,1.745,0.025723,0.024336,0.027742,0,0,0,0,0,0,0,0,0,20260508T071244+0900_834_xavier_mob050_dvfs6_trt_v2.json
xavier,mobilenet-v2-050,6,MODE_20W_2CORE,dvfs6,jetson,0.5,273.1,confirmed_after_backoff,ok,6.42,136.55,137.04,1.003588,10,15.9,17.05,10.1,13.51,3.425,0.02488,0.024303,0.025507,0,0,0,0,0,0,0,0,0,20260508T071244+0900_834_xavier_mob050_dvfs6_trt_v2.json
xavier,mobilenet-v2-050,6,MODE_20W_2CORE,dvfs6,jetson,0.75,273.1,confirmed_after_backoff,ok,6.42,204.83,204.145,0.996656,10,24.14,26.91,10.1,15.1,4.97,0.024456,0.023527,0.024636,0,0,0,0,0,0,0,0,0,20260508T071244+0900_834_xavier_mob050_dvfs6_trt_v2.json
xavier,mobilenet-v2-050,6,MODE_20W_2CORE,dvfs6,jetson,1.0,273.1,confirmed_after_backoff,ok,6.42,273.1,273.91,1.002966,10,64.2,82.35,10.15,16.675,6.5,0.023815,0.023306,0.024062,0,0,0,0,0,0,0,0,0,20260508T071244+0900_834_xavier_mob050_dvfs6_trt_v2.json
xavier,mobilenet-v2-050,7,MODE_20W_4CORE,dvfs7,jetson,0.25,287.5,confirmed,ok,6.61,71.88,71.225,0.990888,10,11.89,12.35,10.325,12.105,1.795,0.024752,0.023151,0.026754,0,0,0,0,0,0,0,0,0,20260508T072822+0900_938_xavier_mob050_dvfs7_trt_v2.json
xavier,mobilenet-v2-050,7,MODE_20W_4CORE,dvfs7,jetson,0.5,287.5,confirmed,ok,6.61,143.75,143.82,1.000487,10,15.525,15.8,10.2,13.74,3.52,0.024386,0.023696,0.024796,0,0,0,0,0,0,0,0,0,20260508T072822+0900_938_xavier_mob050_dvfs7_trt_v2.json
xavier,mobilenet-v2-050,7,MODE_20W_4CORE,dvfs7,jetson,0.75,287.5,confirmed,ok,6.61,215.62,215.98,1.00167,10,24.055,25.5,10.225,15.335,5.1,0.023529,0.022828,0.024109,0,0,0,0,0,0,0,0,0,20260508T072822+0900_938_xavier_mob050_dvfs7_trt_v2.json
xavier,mobilenet-v2-050,7,MODE_20W_4CORE,dvfs7,jetson,1.0,287.5,confirmed,ok,6.61,287.5,288.2,1.002435,10,73.285,91.38,10.3,16.94,6.64,0.023063,0.022324,0.023445,0,0,0,0,0,0,0,0,0,20260508T072822+0900_938_xavier_mob050_dvfs7_trt_v2.json
xavier,mobilenet-v2-050,8,MODE_20W_6CORE,dvfs8,jetson,0.25,300.0,confirmed,ok,6.84,75.0,75.375,1.005,10,11.685,12.0,10.475,12.285,1.825,0.024391,0.019887,0.026278,0,0,0,0,0,0,0,0,0,20260508T074050+0900_202_xavier_mob050_dvfs8_trt_v2.json
xavier,mobilenet-v2-050,8,MODE_20W_6CORE,dvfs8,jetson,0.5,300.0,confirmed,ok,6.84,150.0,149.845,0.998967,10,15.01,15.61,10.3,13.985,3.655,0.024442,0.023331,0.024903,0,0,0,0,0,0,0,0,0,20260508T074050+0900_202_xavier_mob050_dvfs8_trt_v2.json
xavier,mobilenet-v2-050,8,MODE_20W_6CORE,dvfs8,jetson,0.75,300.0,confirmed,ok,6.84,225.0,226.525,1.006778,10,23.04,24.79,10.45,15.675,5.235,0.023037,0.022746,0.023754,0,0,0,0,0,0,0,0,0,20260508T074050+0900_202_xavier_mob050_dvfs8_trt_v2.json
xavier,mobilenet-v2-050,8,MODE_20W_6CORE,dvfs8,jetson,1.0,300.0,confirmed,ok,6.84,300.0,299.46,0.9982,10,93.23,119.13,10.425,17.35,6.905,0.023079,0.022728,0.02352,0,1,0,0,0,4,0,0,0,20260508T074050+0900_202_xavier_mob050_dvfs8_trt_v2.json
xavier,mobilenet-v2-100,0,MODE_15W_2CORE,dvfs0,jetson,0.25,211.2,confirmed,ok,8.44,52.8,52.785,0.999716,10,13.875,14.72,9.65,11.84,2.185,0.042072,0.037086,0.042481,0,0,0,0,0,0,0,0,0,20260513T133133+0900_846_xavier_mob100_dvfs0_trt_v2.json
xavier,mobilenet-v2-100,0,MODE_15W_2CORE,dvfs0,jetson,0.5,211.2,confirmed,ok,8.44,105.6,105.175,0.995975,10,18.63,19.42,9.7,13.995,4.315,0.040932,0.040466,0.042415,0,0,0,0,0,0,0,0,0,20260513T133133+0900_846_xavier_mob100_dvfs0_trt_v2.json
xavier,mobilenet-v2-100,0,MODE_15W_2CORE,dvfs0,jetson,0.75,211.2,confirmed,ok,8.44,158.4,157.83,0.996402,10,30.31,32.21,9.6,16.155,6.535,0.041263,0.040627,0.041738,0,0,0,0,0,0,0,0,0,20260513T133133+0900_846_xavier_mob100_dvfs0_trt_v2.json
xavier,mobilenet-v2-100,0,MODE_15W_2CORE,dvfs0,jetson,1.0,211.2,confirmed,ok,8.44,211.2,211.3,1.000473,10,81.475,86.9,9.7,18.295,8.545,0.040723,0.040034,0.041332,0,0,0,0,0,0,0,0,0,20260513T133133+0900_846_xavier_mob100_dvfs0_trt_v2.json
xavier,mobilenet-v2-100,1,MODE_15W_4CORE,dvfs1,jetson,0.25,216.1,confirmed_after_backoff,ok,8.6,54.02,53.955,0.998797,10,13.89,14.14,9.825,12.04,2.185,0.040535,0.039578,0.042298,0,0,0,0,0,0,0,0,0,20260513T134400+0900_181_xavier_mob100_dvfs1_trt_v2.json
xavier,mobilenet-v2-100,1,MODE_15W_4CORE,dvfs1,jetson,0.5,216.1,confirmed_after_backoff,ok,8.6,108.05,108.55,1.004627,10,17.74,18.3,9.8,14.13,4.33,0.039955,0.038957,0.041217,0,0,0,0,0,0,0,0,0,20260513T134400+0900_181_xavier_mob100_dvfs1_trt_v2.json
xavier,mobilenet-v2-100,1,MODE_15W_4CORE,dvfs1,jetson,0.75,216.1,confirmed_after_backoff,ok,8.6,162.07,162.025,0.999722,10,25.82,27.68,9.8,16.195,6.41,0.039614,0.038824,0.040596,0,0,0,0,0,0,0,0,0,20260513T134400+0900_181_xavier_mob100_dvfs1_trt_v2.json
xavier,mobilenet-v2-100,1,MODE_15W_4CORE,dvfs1,jetson,1.0,216.1,confirmed_after_backoff,ok,8.6,216.1,216.77,1.0031,10,71.375,82.77,9.8,18.36,8.56,0.039538,0.038861,0.039793,0,0,0,0,0,0,0,0,0,20260513T134400+0900_181_xavier_mob100_dvfs1_trt_v2.json
xavier,mobilenet-v2-100,2,MODE_15W_6CORE,dvfs2,jetson,0.25,219.4,confirmed,ok,8.62,54.85,55.43,1.010574,10,13.66,13.99,9.9,12.165,2.27,0.041128,0.036784,0.043052,0,0,0,0,0,0,0,0,0,20260513T135939+0900_623_xavier_mob100_dvfs2_trt_v2.json
xavier,mobilenet-v2-100,2,MODE_15W_6CORE,dvfs2,jetson,0.5,219.4,confirmed,ok,8.62,109.7,110.815,1.010164,10,17.13,18.08,9.8,14.315,4.475,0.040469,0.038651,0.04145,0,0,0,0,0,0,0,0,0,20260513T135939+0900_623_xavier_mob100_dvfs2_trt_v2.json
xavier,mobilenet-v2-100,2,MODE_15W_6CORE,dvfs2,jetson,0.75,219.4,confirmed,ok,8.62,164.55,164.6,1.000304,10,25.015,27.18,9.825,16.41,6.555,0.0399,0.038883,0.040251,0,0,0,0,0,0,0,0,0,20260513T135939+0900_623_xavier_mob100_dvfs2_trt_v2.json
xavier,mobilenet-v2-100,2,MODE_15W_6CORE,dvfs2,jetson,1.0,219.4,confirmed,ok,8.62,219.4,219.83,1.00196,10,73.315,108.56,9.9,18.545,8.62,0.039235,0.038677,0.040308,0,1,0,0,0,1,0,0,0,20260513T135939+0900_623_xavier_mob100_dvfs2_trt_v2.json
xavier,mobilenet-v2-100,3,MODE_10W_2CORE,dvfs3,jetson,0.25,170.6,confirmed,ok,5.34,42.65,42.785,1.003165,10,16.125,16.68,9.4,10.86,1.455,0.034521,0.028848,0.035927,0,0,0,0,0,0,0,0,0,20260513T141150+0900_477_xavier_mob100_dvfs3_trt_v2.json
xavier,mobilenet-v2-100,3,MODE_10W_2CORE,dvfs3,jetson,0.5,170.6,confirmed,ok,5.34,85.3,85.605,1.003576,10,21.12,21.95,9.4,12.15,2.775,0.032208,0.031666,0.034119,0,0,0,0,0,0,0,0,0,20260513T141150+0900_477_xavier_mob100_dvfs3_trt_v2.json
xavier,mobilenet-v2-100,3,MODE_10W_2CORE,dvfs3,jetson,0.75,170.6,confirmed,ok,5.34,127.95,127.715,0.998163,10,31.43,33.86,9.35,13.465,4.075,0.032086,0.030857,0.032761,0,0,0,0,0,0,0,0,0,20260513T141150+0900_477_xavier_mob100_dvfs3_trt_v2.json
xavier,mobilenet-v2-100,3,MODE_10W_2CORE,dvfs3,jetson,1.0,170.6,confirmed,ok,5.34,170.6,169.925,0.996043,10,75.875,97.8,9.4,14.7,5.295,0.031325,0.030908,0.031979,0,0,0,0,0,0,0,0,0,20260513T141150+0900_477_xavier_mob100_dvfs3_trt_v2.json
xavier,mobilenet-v2-100,4,MODE_10W_4CORE,dvfs4,jetson,0.25,169.8,confirmed_after_backoff,ok,5.27,42.45,42.785,1.007892,10,15.57,15.88,9.5,10.855,1.345,0.031675,0.028192,0.034584,0,0,0,0,0,0,0,0,0,20260513T142429+0900_230_xavier_mob100_dvfs4_trt_v2.json
xavier,mobilenet-v2-100,4,MODE_10W_4CORE,dvfs4,jetson,0.5,169.8,confirmed_after_backoff,ok,5.27,84.9,85.735,1.009835,10,19.625,20.08,9.4,12.16,2.75,0.032019,0.030023,0.033088,0,0,0,0,0,0,0,0,0,20260513T142429+0900_230_xavier_mob100_dvfs4_trt_v2.json
xavier,mobilenet-v2-100,4,MODE_10W_4CORE,dvfs4,jetson,0.75,169.8,confirmed_after_backoff,ok,5.27,127.35,126.95,0.996859,10,28.29,29.58,9.45,13.405,3.95,0.03093,0.029965,0.031698,0,0,0,0,0,0,0,0,0,20260513T142429+0900_230_xavier_mob100_dvfs4_trt_v2.json
xavier,mobilenet-v2-100,4,MODE_10W_4CORE,dvfs4,jetson,1.0,169.8,confirmed_after_backoff,ok,5.27,169.8,170.235,1.002562,10,55.475,81.19,9.425,14.69,5.23,0.030722,0.029671,0.031339,0,0,0,0,0,0,0,0,0,20260513T142429+0900_230_xavier_mob100_dvfs4_trt_v2.json
xavier,mobilenet-v2-100,5,MODE_10W_DESKTOP,dvfs5,jetson,0.25,145.9,confirmed,ok,5.7,36.48,36.65,1.00466,10,17.28,17.76,9.475,11.06,1.6,0.042886,0.037693,0.046091,0,0,0,0,0,0,0,0,0,20260513T144019+0900_721_xavier_mob100_dvfs5_trt_v2.json
xavier,mobilenet-v2-100,5,MODE_10W_DESKTOP,dvfs5,jetson,0.5,145.9,confirmed,ok,5.7,72.95,72.99,1.000548,10,22.8,23.53,9.5,12.42,2.925,0.040369,0.038335,0.041627,0,0,0,0,0,0,0,0,0,20260513T144019+0900_721_xavier_mob100_dvfs5_trt_v2.json
xavier,mobilenet-v2-100,5,MODE_10W_DESKTOP,dvfs5,jetson,0.75,145.9,confirmed,ok,5.7,109.43,109.215,0.998035,10,33.65,39.19,9.525,13.785,4.225,0.039004,0.03808,0.040092,0,0,0,0,0,0,0,0,0,20260513T144019+0900_721_xavier_mob100_dvfs5_trt_v2.json
xavier,mobilenet-v2-100,5,MODE_10W_DESKTOP,dvfs5,jetson,1.0,145.9,confirmed,ok,5.7,145.9,146.675,1.005312,10,104.94,146.27,9.525,15.215,5.655,0.038578,0.037239,0.03921,1,1,0,0,0,8,0,0,0,20260513T144019+0900_721_xavier_mob100_dvfs5_trt_v2.json
xavier,mobilenet-v2-100,6,MODE_20W_2CORE,dvfs6,jetson,0.25,219.4,confirmed,ok,8.93,54.85,55.025,1.003191,10,13.18,13.84,10.1,12.42,2.33,0.042161,0.032252,0.044298,0,0,0,0,0,0,0,0,0,20260513T145230+0900_144_xavier_mob100_dvfs6_trt_v2.json
xavier,mobilenet-v2-100,6,MODE_20W_2CORE,dvfs6,jetson,0.5,219.4,confirmed,ok,8.93,109.7,110.15,1.004102,10,17.52,17.83,10.05,14.665,4.625,0.04175,0.040547,0.042626,0,0,0,0,0,0,0,0,0,20260513T145230+0900_144_xavier_mob100_dvfs6_trt_v2.json
xavier,mobilenet-v2-100,6,MODE_20W_2CORE,dvfs6,jetson,0.75,219.4,confirmed,ok,8.93,164.55,163.73,0.995017,10,26.58,28.41,10.175,16.76,6.63,0.040302,0.039078,0.040881,0,0,0,0,0,0,0,0,0,20260513T145230+0900_144_xavier_mob100_dvfs6_trt_v2.json
xavier,mobilenet-v2-100,6,MODE_20W_2CORE,dvfs6,jetson,1.0,219.4,confirmed,ok,8.93,219.4,219.605,1.000934,10,66.135,87.39,10.175,18.985,8.83,0.040129,0.039658,0.040916,0,0,0,0,0,0,0,0,0,20260513T145230+0900_144_xavier_mob100_dvfs6_trt_v2.json
xavier,mobilenet-v2-100,7,MODE_20W_4CORE,dvfs7,jetson,0.25,227.5,confirmed,ok,8.93,56.88,56.7,0.996835,10,13.27,13.58,10.25,12.62,2.35,0.041501,0.038509,0.043717,0,0,0,0,0,0,0,0,0,20260513T150433+0900_427_xavier_mob100_dvfs7_trt_v2.json
xavier,mobilenet-v2-100,7,MODE_20W_4CORE,dvfs7,jetson,0.5,227.5,confirmed,ok,8.93,113.75,113.94,1.00167,10,16.85,17.6,10.2,14.88,4.615,0.040858,0.039298,0.042057,0,0,0,0,0,0,0,0,0,20260513T150433+0900_427_xavier_mob100_dvfs7_trt_v2.json
xavier,mobilenet-v2-100,7,MODE_20W_4CORE,dvfs7,jetson,0.75,227.5,confirmed,ok,8.93,170.62,170.765,1.00085,10,25.49,26.71,10.225,17.09,6.845,0.040145,0.039029,0.040561,0,0,0,0,0,0,0,0,0,20260513T150433+0900_427_xavier_mob100_dvfs7_trt_v2.json
xavier,mobilenet-v2-100,7,MODE_20W_4CORE,dvfs7,jetson,1.0,227.5,confirmed,ok,8.93,227.5,227.175,0.998571,10,72.15,99.81,10.25,19.335,9.095,0.039894,0.039341,0.040472,0,0,0,0,0,0,0,0,0,20260513T150433+0900_427_xavier_mob100_dvfs7_trt_v2.json
xavier,mobilenet-v2-100,8,MODE_20W_6CORE,dvfs8,jetson,0.25,235.6,confirmed,ok,9.13,58.9,59.315,1.007046,10,13.295,13.85,10.35,12.835,2.495,0.042281,0.039161,0.043852,0,0,0,0,0,0,0,0,0,20260513T151647+0900_100_xavier_mob100_dvfs8_trt_v2.json
xavier,mobilenet-v2-100,8,MODE_20W_6CORE,dvfs8,jetson,0.5,235.6,confirmed,ok,9.13,117.8,118.125,1.002759,10,16.935,17.78,10.3,15.095,4.835,0.040609,0.039476,0.041582,0,0,0,0,0,0,0,0,0,20260513T151647+0900_100_xavier_mob100_dvfs8_trt_v2.json
xavier,mobilenet-v2-100,8,MODE_20W_6CORE,dvfs8,jetson,0.75,235.6,confirmed,ok,9.13,176.7,176.94,1.001358,10,25.565,27.74,10.375,17.38,7.075,0.039584,0.03884,0.040339,0,0,0,0,0,0,0,0,0,20260513T151647+0900_100_xavier_mob100_dvfs8_trt_v2.json
xavier,mobilenet-v2-100,8,MODE_20W_6CORE,dvfs8,jetson,1.0,235.6,confirmed,ok,9.13,235.6,235.84,1.001019,10,75.155,98.06,10.3,19.695,9.38,0.03987,0.039393,0.040181,0,0,0,0,0,0,0,0,0,20260513T151647+0900_100_xavier_mob100_dvfs8_trt_v2.json
