device,model,dvfs_mode,dvfs_mode_label,condition_tag,segment,capacity_ips,lambda_frac,target_rps,n_runs,achieved_rps_median,achieved_rps_min,achieved_rps_max,p95_latency_ms_median,p95_latency_ms_max,warm_idle_w_median,serving_w_median,delta_w_median,marginal_wall_energy_j_per_inf_median,marginal_wall_energy_j_per_inf_min,marginal_wall_energy_j_per_inf_max,batch_size
gpu-server,efficientnet-b4,0,300MHz,dvfs0,server,5.4,0.25,1.35,10,1.31,1.05,1.53,40.095,51.6,98.525,100.105,1.615,1.247495,0.852113,1.8,1
gpu-server,efficientnet-b4,0,300MHz,dvfs0,server,5.4,0.5,2.7,10,2.83,2.32,3.03,56.295,63.03,98.6,101.225,2.625,0.948377,0.50431,1.158416,1
gpu-server,efficientnet-b4,0,300MHz,dvfs0,server,5.4,0.75,4.05,10,4.21,3.32,4.63,60.58,67.44,98.3,101.845,3.645,0.869798,0.59322,1.03012,1
gpu-server,efficientnet-b4,0,300MHz,dvfs0,server,5.4,1.0,5.4,10,5.35,4.77,5.98,64.795,69.45,98.375,102.955,4.89,0.862821,0.696154,0.991919,1
gpu-server,efficientnet-b4,1,420MHz,dvfs1,server,42.2,0.25,10.55,10,10.56,9.63,11.28,40.815,41.94,99.15,105.035,5.84,0.562616,0.457457,5.21337,1
gpu-server,efficientnet-b4,1,420MHz,dvfs1,server,42.2,0.5,21.1,10,20.975,20.17,22.07,47.23,52.33,98.4,111.965,13.44,0.637916,0.606488,0.676937,1
gpu-server,efficientnet-b4,1,420MHz,dvfs1,server,42.2,0.75,31.65,10,31.66,31.13,32.45,61.06,70.75,99.05,120.37,21.195,0.671662,0.648249,0.709707,1
gpu-server,efficientnet-b4,1,420MHz,dvfs1,server,42.2,1.0,42.2,10,42.22,40.85,43.82,91.995,119.12,99.65,129.775,30.325,0.704489,0.685491,0.729316,1
gpu-server,efficientnet-b4,2,600MHz,dvfs2,server,59.1,0.25,14.78,10,14.605,13.87,15.52,38.495,41.31,98.925,106.935,8.04,0.545516,0.48968,3.706186,1
gpu-server,efficientnet-b4,2,600MHz,dvfs2,server,59.1,0.5,29.55,10,29.335,27.88,30.13,42.985,47.14,98.8,116.365,17.495,0.595001,0.572449,0.629937,1
gpu-server,efficientnet-b4,2,600MHz,dvfs2,server,59.1,0.75,44.33,10,44.7,43.22,45.52,54.665,60.77,99.0,127.775,28.765,0.641313,0.621518,0.671302,1
gpu-server,efficientnet-b4,2,600MHz,dvfs2,server,59.1,1.0,59.1,10,59.485,57.72,61.73,101.095,111.85,99.775,138.93,38.985,0.652729,0.640178,0.671365,1
gpu-server,efficientnet-b4,3,810MHz,dvfs3,server,75.9,0.25,18.98,10,18.63,17.68,20.1,39.425,40.9,99.15,108.76,9.66,0.514971,0.4464,2.941649,1
gpu-server,efficientnet-b4,3,810MHz,dvfs3,server,75.9,0.5,37.95,10,37.565,36.27,39.08,41.21,42.23,99.4,120.19,20.815,0.555786,0.525333,0.579059,1
gpu-server,efficientnet-b4,3,810MHz,dvfs3,server,75.9,0.75,56.93,10,56.505,55.22,58.1,46.64,48.79,99.65,132.155,32.265,0.579155,0.5569,0.58875,1
gpu-server,efficientnet-b4,3,810MHz,dvfs3,server,75.9,1.0,75.9,10,76.115,75.28,77.98,81.64,95.9,100.6,145.495,44.91,0.586151,0.571051,0.606981,1
gpu-server,efficientnet-b4,4,1005MHz,dvfs4,server,88.2,0.25,22.05,10,21.815,20.48,22.83,38.675,40.65,99.775,110.95,11.015,0.50104,0.463931,0.552313,1
gpu-server,efficientnet-b4,4,1005MHz,dvfs4,server,88.2,0.5,44.1,10,43.88,43.08,45.05,40.655,42.13,99.6,124.005,24.375,0.552206,0.524759,1.544047,1
gpu-server,efficientnet-b4,4,1005MHz,dvfs4,server,88.2,0.75,66.15,10,66.035,64.87,67.05,48.2,50.52,100.35,138.21,37.725,0.574587,0.552802,0.593885,1
gpu-server,efficientnet-b4,4,1005MHz,dvfs4,server,88.2,1.0,88.2,10,88.66,87.55,90.23,90.15,112.17,100.95,153.825,52.78,0.593592,0.583053,0.605701,1
gpu-server,efficientnet-b4,5,1200MHz,dvfs5,server,112.5,0.25,28.12,10,27.985,27.17,29.93,37.91,39.76,100.975,114.62,13.685,0.48698,0.43099,0.507277,1
gpu-server,efficientnet-b4,5,1200MHz,dvfs5,server,112.5,0.5,56.25,10,56.2,55.72,58.55,39.23,39.63,100.85,130.675,29.49,0.525262,0.50233,0.535781,1
gpu-server,efficientnet-b4,5,1200MHz,dvfs5,server,112.5,0.75,84.38,10,83.87,82.58,85.15,44.9,48.78,102.225,148.305,45.88,0.54682,0.533484,0.562789,1
gpu-server,efficientnet-b4,5,1200MHz,dvfs5,server,112.5,1.0,112.5,10,112.29,109.43,116.5,105.9,144.78,102.775,166.195,63.19,0.563616,0.558896,0.573796,1
gpu-server,efficientnet-b4,6,1410MHz,dvfs6,server,117.6,0.25,29.4,10,29.62,28.05,30.65,38.89,40.17,102.925,118.59,15.755,0.528785,0.512237,0.549451,1
gpu-server,efficientnet-b4,6,1410MHz,dvfs6,server,117.6,0.5,58.8,10,59.14,56.97,60.92,38.29,39.25,104.5,137.355,32.72,0.55394,0.531709,0.562627,1
gpu-server,efficientnet-b4,6,1410MHz,dvfs6,server,117.6,0.75,88.2,10,87.79,86.12,88.93,41.08,43.39,104.5,155.945,51.33,0.587196,0.574537,0.592789,1
gpu-server,efficientnet-b4,6,1410MHz,dvfs6,server,117.6,1.0,117.6,10,118.225,115.35,120.93,68.66,79.96,105.45,176.03,70.645,0.600375,0.583299,0.608929,1
gpu-server,efficientnet-b4,7,1545MHz,dvfs7,server,129.4,0.25,32.35,10,32.22,30.92,33.48,39.4,40.83,107.6,126.455,18.675,0.582635,0.550824,0.613263,1
gpu-server,efficientnet-b4,7,1545MHz,dvfs7,server,129.4,0.5,64.7,10,64.265,62.17,66.37,38.345,39.89,108.375,148.23,39.995,0.623943,0.615121,0.635971,1
gpu-server,efficientnet-b4,7,1545MHz,dvfs7,server,129.4,0.75,97.05,10,96.05,94.05,99.23,41.375,45.7,108.925,172.43,63.975,0.665106,0.647747,1.165825,1
gpu-server,efficientnet-b4,7,1545MHz,dvfs7,server,129.4,1.0,129.4,10,129.775,126.15,130.77,69.855,81.25,111.4,200.68,89.905,0.691323,0.686009,0.700192,1
gpu-server,efficientnet-b4,8,1710MHz,dvfs8,server,129.4,0.25,32.35,10,32.365,31.48,33.22,39.03,40.25,113.8,136.185,22.465,0.68546,0.61675,0.726493,1
gpu-server,efficientnet-b4,8,1710MHz,dvfs8,server,129.4,0.5,64.7,10,64.885,63.28,66.08,38.135,38.87,115.4,164.565,48.775,0.753322,0.728935,0.791093,1
gpu-server,efficientnet-b4,8,1710MHz,dvfs8,server,129.4,0.75,97.05,10,96.335,93.92,99.18,38.99,41.08,118.7,196.785,79.355,0.8182,0.804798,1.384087,1
gpu-server,efficientnet-b4,8,1710MHz,dvfs8,server,129.4,1.0,129.4,10,129.025,126.88,131.37,50.99,58.25,123.5,240.98,117.685,0.907601,0.862553,0.924923,1
gpu-server,efficientnet-b4,9,1800MHz,dvfs9,server,133.6,0.25,33.4,10,33.65,32.42,34.63,39.0,40.7,120.55,147.71,27.46,0.813136,0.786294,0.861369,1
gpu-server,efficientnet-b4,9,1800MHz,dvfs9,server,133.6,0.5,66.8,10,66.46,65.32,68.6,38.05,40.16,124.125,186.015,60.68,0.914824,0.876761,0.952173,1
gpu-server,efficientnet-b4,9,1800MHz,dvfs9,server,133.6,0.75,100.2,10,100.5,97.28,101.28,39.38,41.95,129.55,239.17,108.605,1.08696,1.05001,1.105337,1
gpu-server,efficientnet-b4,9,1800MHz,dvfs9,server,133.6,1.0,133.6,10,132.7,129.63,137.28,65.185,91.67,127.675,274.97,147.53,1.106067,1.096351,1.12464,1
gpu-server,efficientnet-b4,10,1905MHz,dvfs10,server,118.1,0.25,29.52,10,29.305,27.77,30.08,38.58,39.92,135.775,168.045,32.275,1.080951,1.02983,1.16825,1
gpu-server,efficientnet-b4,10,1905MHz,dvfs10,server,118.1,0.5,59.05,10,58.55,56.9,60.22,37.955,39.01,143.525,226.87,83.945,1.424845,1.308064,1.512852,1
gpu-server,efficientnet-b4,10,1905MHz,dvfs10,server,118.1,0.75,88.57,10,88.25,85.9,89.45,42.24,45.8,139.6,268.94,129.5,1.466951,1.396879,1.501979,1
gpu-server,efficientnet-b4,10,1905MHz,dvfs10,server,118.1,1.0,118.1,10,118.475,116.27,120.35,141.655,213.53,139.325,283.655,143.87,1.218061,1.198153,1.23765,1
gpu-server,efficientnet-b4,11,1950MHz,dvfs11,server,118.1,0.25,29.52,10,29.52,28.47,30.9,38.88,39.92,140.75,175.65,34.91,1.194377,1.122167,1.248867,1
gpu-server,efficientnet-b4,11,1950MHz,dvfs11,server,118.1,0.5,59.05,10,58.535,56.5,60.18,37.84,39.33,145.4,227.15,81.275,1.389397,1.315261,1.452422,1
gpu-server,efficientnet-b4,11,1950MHz,dvfs11,server,118.1,0.75,88.57,10,88.635,86.63,90.1,40.025,42.2,142.1,267.27,125.23,1.399935,1.291872,1.455129,1
gpu-server,efficientnet-b4,11,1950MHz,dvfs11,server,118.1,1.0,118.1,10,118.06,115.87,119.93,97.815,120.53,141.55,282.125,140.685,1.183837,1.170972,1.210408,1
gpu-server,mobilenet-v2-050,0,300MHz,dvfs0,server,230.6,0.25,57.65,10,57.585,55.95,59.15,19.57,19.95,98.0,101.11,3.3,0.056349,0.032707,0.072569,1
gpu-server,mobilenet-v2-050,0,300MHz,dvfs0,server,230.6,0.5,115.3,10,114.685,112.63,116.93,19.965,20.65,99.0,107.065,7.895,0.06911,0.063687,0.081595,1
gpu-server,mobilenet-v2-050,0,300MHz,dvfs0,server,230.6,0.75,172.95,10,172.425,169.93,174.48,23.55,24.39,99.425,115.235,15.645,0.090337,0.08656,0.100928,1
gpu-server,mobilenet-v2-050,0,300MHz,dvfs0,server,230.6,1.0,230.6,10,231.52,227.55,233.18,62.33,82.11,99.0,122.335,23.215,0.10106,0.094701,0.10468,1
gpu-server,mobilenet-v2-050,1,420MHz,dvfs1,server,427.5,0.25,106.88,10,107.4,105.33,109.87,20.57,21.16,98.3,103.875,5.705,0.053098,0.046248,0.061304,1
gpu-server,mobilenet-v2-050,1,420MHz,dvfs1,server,427.5,0.5,213.75,10,214.23,212.07,218.63,20.545,21.51,98.8,112.345,13.555,0.062641,0.060109,0.067653,1
gpu-server,mobilenet-v2-050,1,420MHz,dvfs1,server,427.5,0.75,320.62,10,320.305,314.88,322.48,20.0,20.83,99.125,121.09,21.91,0.068326,0.067094,0.071188,1
gpu-server,mobilenet-v2-050,1,420MHz,dvfs1,server,427.5,1.0,427.5,10,427.07,424.83,431.78,52.335,98.57,99.0,128.665,29.895,0.069864,0.067744,0.072052,1
gpu-server,mobilenet-v2-050,2,600MHz,dvfs2,server,491.6,0.25,122.9,10,122.61,119.92,125.67,19.91,20.77,99.575,105.15,5.515,0.044952,0.039091,0.432121,1
gpu-server,mobilenet-v2-050,2,600MHz,dvfs2,server,491.6,0.5,245.8,10,244.845,244.17,248.82,21.155,21.6,99.4,113.06,13.805,0.056309,0.050061,0.060387,1
gpu-server,mobilenet-v2-050,2,600MHz,dvfs2,server,491.6,0.75,368.7,10,369.225,367.2,371.4,19.835,21.54,99.05,121.67,22.61,0.061553,0.058555,0.063124,1
gpu-server,mobilenet-v2-050,2,600MHz,dvfs2,server,491.6,1.0,491.6,10,489.89,486.8,495.92,31.335,39.04,99.325,128.98,29.84,0.060543,0.058191,0.061733,1
gpu-server,mobilenet-v2-050,3,810MHz,dvfs3,server,540.0,0.25,135.0,10,134.73,133.48,138.97,19.58,20.47,99.2,106.15,7.055,0.051343,0.039754,0.377303,1
gpu-server,mobilenet-v2-050,3,810MHz,dvfs3,server,540.0,0.5,270.0,10,270.425,266.17,273.28,21.995,23.38,99.425,114.29,14.79,0.054362,0.050488,0.059415,1
gpu-server,mobilenet-v2-050,3,810MHz,dvfs3,server,540.0,0.75,405.0,10,405.29,401.5,410.18,22.195,23.69,99.35,122.395,23.13,0.056753,0.056068,0.059404,1
gpu-server,mobilenet-v2-050,3,810MHz,dvfs3,server,540.0,1.0,540.0,10,540.41,537.22,543.65,29.625,46.01,99.925,130.065,30.065,0.055869,0.054424,0.056685,1
gpu-server,mobilenet-v2-050,4,1005MHz,dvfs4,server,568.6,0.25,142.15,10,141.8,139.47,145.55,19.76,20.46,99.75,107.29,7.345,0.052616,0.039665,0.056921,1
gpu-server,mobilenet-v2-050,4,1005MHz,dvfs4,server,568.6,0.5,284.3,10,284.29,280.23,287.23,21.885,22.87,100.15,116.13,16.015,0.056697,0.053636,0.059701,1
gpu-server,mobilenet-v2-050,4,1005MHz,dvfs4,server,568.6,0.75,426.45,10,425.94,422.43,433.13,21.48,22.27,100.175,125.105,24.835,0.058252,0.054936,0.059679,1
gpu-server,mobilenet-v2-050,4,1005MHz,dvfs4,server,568.6,1.0,568.6,10,569.765,562.28,573.05,36.435,106.6,100.3,133.265,32.96,0.058064,0.056231,0.059685,1
gpu-server,mobilenet-v2-050,5,1200MHz,dvfs5,server,607.5,0.25,151.88,10,152.415,148.08,154.25,20.44,21.57,100.9,108.405,7.46,0.049523,0.043908,0.053874,1
gpu-server,mobilenet-v2-050,5,1200MHz,dvfs5,server,607.5,0.5,303.75,10,302.3,300.73,306.07,21.995,24.13,100.5,117.57,17.1,0.056448,0.054684,0.060552,1
gpu-server,mobilenet-v2-050,5,1200MHz,dvfs5,server,607.5,0.75,455.62,10,454.56,450.32,460.55,21.81,23.92,100.1,126.325,26.365,0.058054,0.056481,0.059136,1
gpu-server,mobilenet-v2-050,5,1200MHz,dvfs5,server,607.5,1.0,607.5,10,607.51,603.9,613.68,93.085,1104.16,100.5,134.545,34.08,0.056074,0.055224,0.057448,1
gpu-server,mobilenet-v2-050,6,1410MHz,dvfs6,server,562.5,0.25,140.62,10,139.55,138.12,141.93,19.825,20.35,102.6,110.19,7.625,0.055058,0.05023,0.059398,1
gpu-server,mobilenet-v2-050,6,1410MHz,dvfs6,server,562.5,0.5,281.25,10,280.715,276.37,285.27,21.92,22.57,102.325,119.435,17.18,0.061135,0.058094,0.063473,1
gpu-server,mobilenet-v2-050,6,1410MHz,dvfs6,server,562.5,0.75,421.88,10,421.875,417.48,426.78,22.0,22.91,103.125,128.44,25.49,0.060326,0.057703,0.061758,1
gpu-server,mobilenet-v2-050,6,1410MHz,dvfs6,server,562.5,1.0,562.5,10,561.775,559.05,565.2,35.52,241.96,102.9,137.025,34.09,0.060844,0.059682,0.062113,1
gpu-server,mobilenet-v2-050,7,1545MHz,dvfs7,server,585.0,0.25,146.25,10,146.25,144.62,147.3,20.06,20.76,105.925,113.675,7.65,0.052373,0.046708,0.383488,1
gpu-server,mobilenet-v2-050,7,1545MHz,dvfs7,server,585.0,0.5,292.5,10,291.575,288.83,294.93,21.995,22.51,106.55,123.96,17.565,0.059719,0.057231,0.063186,1
gpu-server,mobilenet-v2-050,7,1545MHz,dvfs7,server,585.0,0.75,438.75,10,437.11,434.47,440.3,21.585,22.98,106.3,133.54,27.165,0.062443,0.060744,0.063183,1
gpu-server,mobilenet-v2-050,7,1545MHz,dvfs7,server,585.0,1.0,585.0,10,584.12,581.87,589.58,74.815,211.96,106.85,142.82,35.93,0.061545,0.059537,0.062891,1
gpu-server,mobilenet-v2-050,8,1710MHz,dvfs8,server,562.5,0.25,140.62,10,140.49,137.37,142.48,20.135,20.5,111.8,120.225,8.25,0.059915,0.051342,0.064562,1
gpu-server,mobilenet-v2-050,8,1710MHz,dvfs8,server,562.5,0.5,281.25,10,280.795,276.75,285.15,22.095,23.48,112.6,131.525,18.905,0.067401,0.064824,0.073615,1
gpu-server,mobilenet-v2-050,8,1710MHz,dvfs8,server,562.5,0.75,421.88,10,421.6,417.82,428.15,22.085,24.05,112.95,142.245,28.96,0.068783,0.066667,0.071634,1
gpu-server,mobilenet-v2-050,8,1710MHz,dvfs8,server,562.5,1.0,562.5,10,564.24,558.3,566.93,37.805,56.53,113.35,152.265,38.965,0.069185,0.06789,0.070705,1
gpu-server,mobilenet-v2-050,9,1800MHz,dvfs9,server,598.5,0.25,149.62,10,150.65,148.2,151.97,20.435,21.8,116.825,127.075,10.35,0.069531,0.063461,0.072334,1
gpu-server,mobilenet-v2-050,9,1800MHz,dvfs9,server,598.5,0.5,299.25,10,298.43,295.68,303.23,23.385,24.23,117.6,140.11,22.235,0.074464,0.073086,0.081132,1
gpu-server,mobilenet-v2-050,9,1800MHz,dvfs9,server,598.5,0.75,448.88,10,449.76,445.13,455.72,21.865,23.33,118.45,153.74,35.15,0.078796,0.077393,0.080254,1
gpu-server,mobilenet-v2-050,9,1800MHz,dvfs9,server,598.5,1.0,598.5,10,599.55,596.32,604.68,184.04,396.68,118.975,165.875,46.815,0.077983,0.07677,0.08077,1
gpu-server,mobilenet-v2-050,10,1905MHz,dvfs10,server,598.5,0.25,149.62,10,149.405,147.52,150.77,20.11,20.37,125.8,137.265,11.545,0.077083,0.068701,0.085347,1
gpu-server,mobilenet-v2-050,10,1905MHz,dvfs10,server,598.5,0.5,299.25,10,299.705,296.48,303.2,22.19,23.28,127.075,151.78,24.555,0.082234,0.079475,0.085839,1
gpu-server,mobilenet-v2-050,10,1905MHz,dvfs10,server,598.5,0.75,448.88,10,449.67,445.35,453.33,21.97,23.27,127.75,166.885,38.915,0.086599,0.083485,0.0889,1
gpu-server,mobilenet-v2-050,10,1905MHz,dvfs10,server,598.5,1.0,598.5,10,597.125,592.87,603.0,92.935,296.38,129.625,181.335,51.59,0.086163,0.084158,0.087512,1
gpu-server,mobilenet-v2-050,11,1950MHz,dvfs11,server,585.0,0.25,146.25,10,146.675,142.03,149.27,20.03,21.42,133.65,146.46,12.92,0.089034,0.081743,0.096768,1
gpu-server,mobilenet-v2-050,11,1950MHz,dvfs11,server,585.0,0.5,292.5,10,293.89,289.12,295.0,22.815,23.69,135.55,164.205,28.665,0.097419,0.092515,0.100125,1
gpu-server,mobilenet-v2-050,11,1950MHz,dvfs11,server,585.0,0.75,438.75,10,438.37,433.38,440.08,22.515,23.68,136.85,183.19,46.335,0.105935,0.103504,0.108563,1
gpu-server,mobilenet-v2-050,11,1950MHz,dvfs11,server,585.0,1.0,585.0,10,583.8,580.15,589.72,44.45,112.27,140.75,203.845,63.055,0.107827,0.105783,0.109611,1
gpu-server,mobilenet-v2-100,0,300MHz,dvfs0,server,168.8,0.25,42.2,10,41.935,40.27,43.28,19.9,20.34,98.85,102.085,3.15,0.075248,0.049104,0.098833,1
gpu-server,mobilenet-v2-100,0,300MHz,dvfs0,server,168.8,0.5,84.4,10,84.26,83.33,85.23,21.32,21.88,98.4,107.465,8.9,0.105618,0.090238,0.111351,1
gpu-server,mobilenet-v2-100,0,300MHz,dvfs0,server,168.8,0.75,126.6,10,127.485,125.13,128.55,27.11,29.88,98.075,115.84,17.72,0.139176,0.131478,0.144653,1
gpu-server,mobilenet-v2-100,0,300MHz,dvfs0,server,168.8,1.0,168.8,10,168.475,166.77,172.25,65.52,79.06,98.875,123.66,24.86,0.146682,0.138501,0.154971,1
gpu-server,mobilenet-v2-100,1,420MHz,dvfs1,server,307.3,0.25,76.83,10,76.87,75.65,78.85,20.695,21.57,98.775,104.04,5.445,0.069982,0.058295,0.089752,1
gpu-server,mobilenet-v2-100,1,420MHz,dvfs1,server,307.3,0.5,153.65,10,154.105,150.6,155.8,20.415,22.7,98.525,112.275,13.685,0.089902,0.081826,0.095048,1
gpu-server,mobilenet-v2-100,1,420MHz,dvfs1,server,307.3,0.75,230.48,10,229.475,223.97,233.02,20.395,21.77,99.25,121.695,22.495,0.097922,0.096174,0.100187,1
gpu-server,mobilenet-v2-100,1,420MHz,dvfs1,server,307.3,1.0,307.3,10,307.715,304.27,310.45,42.79,54.38,98.675,130.25,31.34,0.102199,0.097074,0.103159,1
gpu-server,mobilenet-v2-100,2,600MHz,dvfs2,server,421.9,0.25,105.47,10,104.86,102.95,109.33,20.95,21.82,98.9,106.29,7.23,0.069556,0.060523,0.532916,1
gpu-server,mobilenet-v2-100,2,600MHz,dvfs2,server,421.9,0.5,210.95,10,211.345,206.07,214.22,21.57,23.15,98.625,116.345,17.41,0.083474,0.076587,0.086884,1
gpu-server,mobilenet-v2-100,2,600MHz,dvfs2,server,421.9,0.75,316.42,10,316.735,312.93,320.8,20.08,21.35,99.1,126.365,27.075,0.08566,0.083347,0.087366,1
gpu-server,mobilenet-v2-100,2,600MHz,dvfs2,server,421.9,1.0,421.9,10,422.865,418.08,424.93,45.685,58.14,98.925,135.955,36.97,0.087388,0.086247,0.089186,1
gpu-server,mobilenet-v2-100,3,810MHz,dvfs3,server,480.9,0.25,120.22,10,119.075,116.67,121.2,21.26,22.12,99.3,107.75,8.53,0.072369,0.058551,0.07364,1
gpu-server,mobilenet-v2-100,3,810MHz,dvfs3,server,480.9,0.5,240.45,10,242.095,239.42,245.05,22.025,22.94,99.2,118.255,19.015,0.078567,0.074346,0.081598,1
gpu-server,mobilenet-v2-100,3,810MHz,dvfs3,server,480.9,0.75,360.67,10,361.4,352.98,365.38,20.925,23.32,99.975,128.085,28.165,0.07837,0.074579,0.081532,1
gpu-server,mobilenet-v2-100,3,810MHz,dvfs3,server,480.9,1.0,480.9,10,480.98,476.1,487.58,39.375,50.87,99.8,137.92,38.03,0.079375,0.078104,0.082079,1
gpu-server,mobilenet-v2-100,4,1005MHz,dvfs4,server,510.1,0.25,127.53,10,128.35,124.4,129.55,19.93,20.4,99.85,108.315,8.56,0.066963,0.057219,0.073901,1
gpu-server,mobilenet-v2-100,4,1005MHz,dvfs4,server,510.1,0.5,255.05,10,254.26,251.98,257.17,21.425,21.98,99.9,119.455,19.61,0.077305,0.072788,0.079643,1
gpu-server,mobilenet-v2-100,4,1005MHz,dvfs4,server,510.1,0.75,382.58,10,383.2,378.0,387.1,20.275,21.31,99.825,130.885,31.15,0.081074,0.080538,0.083854,1
gpu-server,mobilenet-v2-100,4,1005MHz,dvfs4,server,510.1,1.0,510.1,10,509.39,504.62,514.82,55.87,116.05,100.05,140.81,40.71,0.079813,0.078319,0.082869,1
gpu-server,mobilenet-v2-100,5,1200MHz,dvfs5,server,590.6,0.25,147.65,10,147.475,144.47,149.83,21.445,21.88,100.3,110.235,10.045,0.067962,0.060936,0.071136,1
gpu-server,mobilenet-v2-100,5,1200MHz,dvfs5,server,590.6,0.5,295.3,10,293.52,291.9,299.32,22.83,24.09,99.85,122.04,22.155,0.074988,0.07198,0.079959,1
gpu-server,mobilenet-v2-100,5,1200MHz,dvfs5,server,590.6,0.75,442.95,10,443.025,437.43,445.48,23.205,24.44,100.45,133.37,33.085,0.074613,0.072351,0.076351,1
gpu-server,mobilenet-v2-100,5,1200MHz,dvfs5,server,590.6,1.0,590.6,10,590.935,584.52,594.52,316.955,1018.46,100.7,144.08,43.45,0.073385,0.070793,0.076468,1
gpu-server,mobilenet-v2-100,6,1410MHz,dvfs6,server,548.4,0.25,137.1,10,137.555,133.8,140.55,21.18,22.02,102.25,111.705,9.005,0.067209,0.051923,0.079122,1
gpu-server,mobilenet-v2-100,6,1410MHz,dvfs6,server,548.4,0.5,274.2,10,274.595,271.02,275.3,23.195,23.78,102.7,123.33,20.64,0.075165,0.071877,0.078509,1
gpu-server,mobilenet-v2-100,6,1410MHz,dvfs6,server,548.4,0.75,411.3,10,413.13,409.4,414.48,22.905,26.69,102.15,134.865,32.76,0.079461,0.075425,0.080928,1
gpu-server,mobilenet-v2-100,6,1410MHz,dvfs6,server,548.4,1.0,548.4,10,548.7,544.93,554.13,85.615,207.42,102.95,145.965,42.925,0.078302,0.075128,0.080521,1
gpu-server,mobilenet-v2-100,7,1545MHz,dvfs7,server,547.7,0.25,136.93,10,136.585,134.08,139.5,20.605,21.03,105.725,115.835,9.91,0.072507,0.068809,0.080143,1
gpu-server,mobilenet-v2-100,7,1545MHz,dvfs7,server,547.7,0.5,273.85,10,273.635,268.67,276.45,22.22,23.15,105.35,128.505,23.125,0.084213,0.079503,0.089803,1
gpu-server,mobilenet-v2-100,7,1545MHz,dvfs7,server,547.7,0.75,410.78,10,410.405,406.7,412.18,22.715,23.46,105.975,141.385,35.31,0.086154,0.084599,0.089267,1
gpu-server,mobilenet-v2-100,7,1545MHz,dvfs7,server,547.7,1.0,547.7,10,548.675,540.75,552.92,34.295,187.8,106.55,153.595,46.88,0.085797,0.083754,0.087482,1
gpu-server,mobilenet-v2-100,8,1710MHz,dvfs8,server,534.4,0.25,133.6,10,132.175,130.65,133.48,20.44,21.71,110.8,122.375,11.795,0.088666,0.083871,0.101015,1
gpu-server,mobilenet-v2-100,8,1710MHz,dvfs8,server,534.4,0.5,267.2,10,266.855,265.62,269.72,22.565,23.47,112.3,138.305,26.005,0.097631,0.092652,0.100944,1
gpu-server,mobilenet-v2-100,8,1710MHz,dvfs8,server,534.4,0.75,400.8,10,401.475,395.5,405.43,23.0,24.23,114.0,154.895,40.83,0.102288,0.097899,0.10418,1
gpu-server,mobilenet-v2-100,8,1710MHz,dvfs8,server,534.4,1.0,534.4,10,535.225,529.97,539.88,37.255,128.5,114.325,168.97,54.69,0.102023,0.100745,0.104364,1
gpu-server,mobilenet-v2-100,9,1800MHz,dvfs9,server,548.4,0.25,137.1,10,137.0,134.62,138.08,20.43,21.91,117.2,130.35,13.275,0.097074,0.088741,0.101162,1
gpu-server,mobilenet-v2-100,9,1800MHz,dvfs9,server,548.4,0.5,274.2,10,273.2,269.8,276.08,22.35,23.05,116.95,145.66,28.785,0.105629,0.103076,0.109234,1
gpu-server,mobilenet-v2-100,9,1800MHz,dvfs9,server,548.4,0.75,411.3,10,410.36,406.83,414.83,22.07,23.7,117.9,162.24,44.44,0.108152,0.106337,0.110415,1
gpu-server,mobilenet-v2-100,9,1800MHz,dvfs9,server,548.4,1.0,548.4,10,550.015,543.13,553.03,39.54,69.61,118.875,178.555,59.835,0.109117,0.107818,0.1097,1
gpu-server,mobilenet-v2-100,10,1905MHz,dvfs10,server,590.6,0.25,147.65,10,147.31,144.9,148.42,20.415,21.55,126.675,143.665,17.26,0.117275,0.107558,0.12058,1
gpu-server,mobilenet-v2-100,10,1905MHz,dvfs10,server,590.6,0.5,295.3,10,296.615,292.73,297.93,22.76,23.99,127.95,166.325,38.145,0.129729,0.126531,0.13273,1
gpu-server,mobilenet-v2-100,10,1905MHz,dvfs10,server,590.6,0.75,442.95,10,442.85,437.75,448.85,22.33,23.14,133.775,197.58,62.835,0.14177,0.134917,0.145489,1
gpu-server,mobilenet-v2-100,10,1905MHz,dvfs10,server,590.6,1.0,590.6,10,591.875,587.37,594.83,60.65,305.92,145.0,240.855,94.59,0.160368,0.154605,0.167575,1
gpu-server,mobilenet-v2-100,11,1950MHz,dvfs11,server,562.5,0.25,140.62,10,140.95,138.95,143.52,20.07,21.32,135.725,153.27,17.57,0.123694,0.119373,0.134139,1
gpu-server,mobilenet-v2-100,11,1950MHz,dvfs11,server,562.5,0.5,281.25,10,281.61,280.05,284.52,22.36,23.48,137.05,176.855,39.615,0.14043,0.13746,0.144705,1
gpu-server,mobilenet-v2-100,11,1950MHz,dvfs11,server,562.5,0.75,421.88,10,422.315,417.85,426.92,22.72,23.18,140.975,205.73,64.26,0.15278,0.150399,0.155123,1
gpu-server,mobilenet-v2-100,11,1950MHz,dvfs11,server,562.5,1.0,562.5,10,561.525,558.97,566.4,39.89,121.35,146.35,236.905,92.05,0.163301,0.157834,0.1683,1
jetson,mobilenet-v2-050,0,MAXN,dvfs0,jetson,98.9,0.25,24.73,10,24.54,23.98,25.13,20.145,20.63,3.0,3.97,0.97,0.039134,0.037008,0.042952,1
jetson,mobilenet-v2-050,0,MAXN,dvfs0,jetson,98.9,0.5,49.45,10,49.055,48.45,50.57,25.405,26.69,3.0,5.18,2.18,0.04408,0.043372,0.046359,1
jetson,mobilenet-v2-050,0,MAXN,dvfs0,jetson,98.9,0.75,74.18,10,74.115,73.22,76.58,37.485,41.37,3.0,6.435,3.435,0.046404,0.044267,0.046999,1
jetson,mobilenet-v2-050,0,MAXN,dvfs0,jetson,98.9,1.0,98.9,10,98.115,96.23,99.7,72.11,85.79,3.0,7.745,4.685,0.047837,0.044194,0.049153,1
jetson,mobilenet-v2-050,1,5W,dvfs1,jetson,64.1,0.25,16.02,10,16.205,15.65,17.03,27.175,27.96,2.55,3.125,0.54,0.032868,0.009299,0.05419,1
jetson,mobilenet-v2-050,1,5W,dvfs1,jetson,64.1,0.5,32.05,10,31.95,30.92,33.25,34.335,35.59,2.2,3.54,1.315,0.041368,0.035045,0.043014,1
jetson,mobilenet-v2-050,1,5W,dvfs1,jetson,64.1,0.75,48.07,10,48.235,46.15,49.67,47.0,56.21,2.4,4.07,1.675,0.034661,0.021224,0.038787,1
jetson,mobilenet-v2-050,1,5W,dvfs1,jetson,64.1,1.0,64.1,10,63.94,62.77,65.37,76.865,89.59,2.4,4.575,2.125,0.033042,0.023876,0.037881,1
jetson,mobilenet-v2-100,0,MAXN,dvfs0,jetson,49.6,0.25,12.4,10,12.435,12.1,13.05,29.825,32.09,3.0,3.84,0.84,0.067795,0.061748,0.069805,1
jetson,mobilenet-v2-100,0,MAXN,dvfs0,jetson,49.6,0.5,24.8,10,24.975,24.43,25.62,39.23,41.53,3.0,4.945,1.945,0.078343,0.074306,0.081326,1
jetson,mobilenet-v2-100,0,MAXN,dvfs0,jetson,49.6,0.75,37.2,10,37.615,36.07,39.03,52.98,56.74,3.0,6.17,3.155,0.084394,0.081508,0.085252,1
jetson,mobilenet-v2-100,0,MAXN,dvfs0,jetson,49.6,1.0,49.6,10,49.17,48.47,50.05,81.635,95.68,3.0,7.29,4.29,0.086872,0.084401,0.088921,1
jetson,mobilenet-v2-100,1,5W,dvfs1,jetson,32.0,0.25,8.0,10,8.025,7.58,8.53,41.295,44.42,2.4,3.03,0.59,0.075465,0.017606,0.1025,1
jetson,mobilenet-v2-100,1,5W,dvfs1,jetson,32.0,0.5,16.0,10,16.01,15.73,16.88,50.32,58.04,2.35,3.47,1.125,0.070816,0.04768,0.079874,1
jetson,mobilenet-v2-100,1,5W,dvfs1,jetson,32.0,0.75,24.0,10,23.965,22.82,24.63,64.63,76.51,2.4,3.92,1.535,0.064409,0.052585,0.073523,1
jetson,mobilenet-v2-100,1,5W,dvfs1,jetson,32.0,1.0,32.0,10,32.235,31.63,33.32,89.95,113.37,2.3,4.38,2.07,0.064303,0.054623,0.068597,1
lattepanda,mobilenet-v2-050,0,fixed,dvfs0,sbc_npu,136.3,0.25,34.08,10,34.185,32.8,34.8,12.77,13.25,4.475,10.7,6.235,0.182466,0.17931,0.18811,1
lattepanda,mobilenet-v2-050,0,fixed,dvfs0,sbc_npu,136.3,0.5,68.15,10,68.25,66.18,69.17,17.615,18.44,4.5,12.76,8.295,0.122053,0.119936,0.123687,1
lattepanda,mobilenet-v2-050,0,fixed,dvfs0,sbc_npu,136.3,0.75,102.23,10,102.09,101.2,103.25,26.35,27.62,4.5,14.98,10.505,0.102854,0.10154,0.104017,1
lattepanda,mobilenet-v2-050,0,fixed,dvfs0,sbc_npu,136.3,1.0,136.3,10,135.695,134.75,137.57,62.85,118.21,4.5,16.03,11.515,0.084627,0.083643,0.085398,1
lattepanda,mobilenet-v2-100,0,fixed,dvfs0,sbc_npu,49.1,0.25,12.28,10,12.54,12.07,12.8,27.075,27.47,4.5,10.585,6.09,0.488967,0.475,0.504557,1
lattepanda,mobilenet-v2-100,0,fixed,dvfs0,sbc_npu,49.1,0.5,24.55,10,24.435,23.55,25.03,33.515,36.22,4.45,12.36,7.935,0.324908,0.313224,0.331109,1
lattepanda,mobilenet-v2-100,0,fixed,dvfs0,sbc_npu,49.1,0.75,36.83,10,36.7,35.48,38.35,42.46,49.63,4.5,14.285,9.84,0.269023,0.259452,0.273705,1
lattepanda,mobilenet-v2-100,0,fixed,dvfs0,sbc_npu,49.1,1.0,49.1,10,48.685,47.22,49.45,75.975,96.38,4.45,15.79,11.35,0.233648,0.229039,0.237399,1
orangepi,mobilenet-v2-050,0,fixed,dvfs0,sbc_npu,98.4,0.25,24.6,10,24.46,23.92,25.1,35.5,38.94,2.7,6.665,3.96,0.16225,0.158581,0.164763,1
orangepi,mobilenet-v2-050,0,fixed,dvfs0,sbc_npu,98.4,0.5,49.2,10,48.9,47.38,51.38,37.79,39.1,2.7,9.095,6.335,0.130071,0.128065,0.132125,1
orangepi,mobilenet-v2-050,0,fixed,dvfs0,sbc_npu,98.4,0.75,73.8,10,73.59,71.63,75.43,43.215,45.02,2.8,10.975,8.175,0.11109,0.109903,0.112383,1
orangepi,mobilenet-v2-050,0,fixed,dvfs0,sbc_npu,98.4,1.0,98.4,10,98.045,95.75,100.02,72.355,82.13,2.8,12.475,9.665,0.098452,0.097281,0.099265,1
orangepi,mobilenet-v2-100,0,fixed,dvfs0,sbc_npu,41.0,0.25,10.25,10,10.025,9.52,10.83,52.5,60.67,2.7,5.56,2.86,0.283712,0.274641,0.291667,1
orangepi,mobilenet-v2-100,0,fixed,dvfs0,sbc_npu,41.0,0.5,20.5,10,20.415,19.27,20.78,56.815,60.71,2.7,7.705,4.98,0.245053,0.241054,0.258394,1
orangepi,mobilenet-v2-100,0,fixed,dvfs0,sbc_npu,41.0,0.75,30.75,10,30.8,29.53,31.85,65.905,71.47,2.75,9.61,6.86,0.223934,0.216587,0.226757,1
orangepi,mobilenet-v2-100,0,fixed,dvfs0,sbc_npu,41.0,1.0,41.0,10,41.15,39.97,41.88,82.495,104.47,2.8,11.165,8.365,0.204604,0.201914,0.207406,1
orangepi-npu,mobilenet-v2-050,0,fixed,dvfs0,sbc_npu,234.4,0.25,58.6,10,59.25,56.58,60.57,39.63,41.43,2.7,3.56,0.85,0.014472,0.013541,0.014958,1
orangepi-npu,mobilenet-v2-050,0,fixed,dvfs0,sbc_npu,234.4,0.5,117.2,10,117.44,114.15,119.37,33.58,40.55,2.7,4.22,1.52,0.012986,0.012863,0.013655,1
orangepi-npu,mobilenet-v2-050,0,fixed,dvfs0,sbc_npu,234.4,0.75,175.8,10,175.51,173.18,178.87,31.43,33.59,2.7,4.74,2.04,0.01162,0.011511,0.012318,1
orangepi-npu,mobilenet-v2-050,0,fixed,dvfs0,sbc_npu,234.4,1.0,234.4,10,234.1,232.83,238.97,86.3,475.8,2.7,5.24,2.54,0.010828,0.010787,0.010901,1
orangepi-npu,mobilenet-v2-100,0,fixed,dvfs0,sbc_npu,155.6,0.25,38.9,10,39.17,37.88,39.63,41.27,44.92,2.7,3.545,0.845,0.021476,0.019658,0.024093,1
orangepi-npu,mobilenet-v2-100,0,fixed,dvfs0,sbc_npu,155.6,0.5,77.8,10,77.335,75.58,79.62,50.965,55.0,2.7,4.17,1.47,0.019032,0.018714,0.02034,1
orangepi-npu,mobilenet-v2-100,0,fixed,dvfs0,sbc_npu,155.6,0.75,116.7,10,116.715,114.22,119.05,54.94,59.19,2.7,4.65,1.965,0.016769,0.016464,0.017777,1
orangepi-npu,mobilenet-v2-100,0,fixed,dvfs0,sbc_npu,155.6,1.0,155.6,10,155.885,153.78,157.18,78.595,88.17,2.7,5.055,2.355,0.015182,0.014978,0.015291,1
orin,efficientnet-b4,0,MAXN,dvfs0,jetson,77.5,0.25,19.38,10,19.75,18.85,20.4,23.38,23.83,13.575,19.6,6.045,0.306061,0.29951,0.311426,1
orin,efficientnet-b4,0,MAXN,dvfs0,jetson,77.5,0.5,38.75,10,38.985,37.67,40.47,30.18,32.02,13.7,25.425,11.725,0.301891,0.296354,0.310533,1
orin,efficientnet-b4,0,MAXN,dvfs0,jetson,77.5,0.75,58.12,10,58.31,55.88,60.1,43.15,47.39,13.7,31.45,17.715,0.303124,0.300858,0.305997,1
orin,efficientnet-b4,0,MAXN,dvfs0,jetson,77.5,1.0,77.5,10,77.3,75.9,78.67,78.055,86.05,13.875,37.4,23.55,0.305642,0.301978,0.307632,1
orin,efficientnet-b4,1,MODE_15W,dvfs1,jetson,6.6,0.25,1.65,10,1.635,1.33,1.8,72.655,83.77,9.1,9.51,0.41,0.255292,0.222222,0.278195,1
orin,efficientnet-b4,1,MODE_15W,dvfs1,jetson,6.6,0.5,3.3,10,3.275,2.78,3.6,78.37,87.43,9.0,9.905,0.905,0.265825,0.250814,0.277612,1
orin,efficientnet-b4,1,MODE_15W,dvfs1,jetson,6.6,0.75,4.95,10,4.96,4.45,5.23,89.63,99.61,9.0,10.27,1.255,0.250756,0.231461,0.265979,1
orin,efficientnet-b4,1,MODE_15W,dvfs1,jetson,6.6,1.0,6.6,10,6.58,6.02,7.18,99.375,110.35,9.025,10.695,1.635,0.250841,0.236652,0.266017,1
orin,efficientnet-b4,2,MODE_30W,dvfs2,jetson,22.6,0.25,5.65,10,5.675,4.88,6.08,47.0,51.75,10.8,12.05,1.225,0.218884,0.203571,0.233553,1
orin,efficientnet-b4,2,MODE_30W,dvfs2,jetson,22.6,0.5,11.3,10,11.395,10.8,11.92,55.27,59.93,10.8,13.345,2.525,0.222927,0.211915,0.232158,1
orin,efficientnet-b4,2,MODE_30W,dvfs2,jetson,22.6,0.75,16.95,10,17.15,16.43,18.23,69.965,73.66,10.9,14.6,3.735,0.219159,0.214482,0.223392,1
orin,efficientnet-b4,2,MODE_30W,dvfs2,jetson,22.6,1.0,22.6,10,22.7,21.92,23.43,90.645,105.09,10.9,15.83,4.945,0.220813,0.213814,0.224925,1
orin,efficientnet-b4,3,MODE_50W,dvfs3,jetson,48.8,0.25,12.2,10,12.375,11.5,12.97,30.255,31.05,11.2,14.05,2.9,0.229695,0.226016,0.248511,1
orin,efficientnet-b4,3,MODE_50W,dvfs3,jetson,48.8,0.5,24.4,10,24.72,23.72,25.3,36.605,40.1,11.175,16.94,5.745,0.234555,0.227751,0.243083,1
orin,efficientnet-b4,3,MODE_50W,dvfs3,jetson,48.8,0.75,36.6,10,37.3,36.18,38.33,48.855,52.09,11.2,19.97,8.77,0.236758,0.231985,0.239218,1
orin,efficientnet-b4,3,MODE_50W,dvfs3,jetson,48.8,1.0,48.8,10,49.17,47.53,49.88,71.555,78.64,11.3,22.76,11.485,0.234065,0.231282,0.237968,1
orin,mobilenet-v2-050,0,MAXN,dvfs0,jetson,718.8,0.25,179.7,10,180.91,177.08,183.27,7.26,7.42,13.1,15.93,2.83,0.015883,0.015587,0.016313,1
orin,mobilenet-v2-050,0,MAXN,dvfs0,jetson,718.8,0.5,359.4,10,360.495,358.92,363.82,8.385,9.19,13.2,18.725,5.575,0.015464,0.015145,0.015616,1
orin,mobilenet-v2-050,0,MAXN,dvfs0,jetson,718.8,0.75,539.1,10,538.855,532.32,543.88,12.34,12.87,13.25,21.375,8.105,0.01502,0.014939,0.015205,1
orin,mobilenet-v2-050,0,MAXN,dvfs0,jetson,718.8,1.0,718.8,10,716.8,713.3,725.85,94.62,184.29,13.3,23.925,10.63,0.014839,0.014763,0.014948,1
orin,mobilenet-v2-050,1,MODE_15W,dvfs1,jetson,226.6,0.25,56.65,10,57.185,55.9,58.52,12.2,12.45,9.1,9.81,0.685,0.012005,-0.007746,0.012528,1
orin,mobilenet-v2-050,1,MODE_15W,dvfs1,jetson,226.6,0.5,113.3,10,113.055,111.97,114.88,15.83,16.07,9.1,10.385,1.285,0.01137,0.011094,0.011626,1
orin,mobilenet-v2-050,1,MODE_15W,dvfs1,jetson,226.6,0.75,169.95,10,170.165,166.22,172.45,24.785,26.62,9.1,10.985,1.885,0.01113,0.010876,0.011272,1
orin,mobilenet-v2-050,1,MODE_15W,dvfs1,jetson,226.6,1.0,226.6,10,225.925,221.9,229.57,81.42,113.43,9.1,11.575,2.47,0.010889,0.010747,0.011046,1
orin,mobilenet-v2-050,2,MODE_30W,dvfs2,jetson,390.6,0.25,97.65,10,97.275,95.93,99.78,9.165,9.34,10.9,11.89,0.975,0.010063,0.009003,0.010323,1
orin,mobilenet-v2-050,2,MODE_30W,dvfs2,jetson,390.6,0.5,195.3,10,196.49,193.27,200.0,11.52,11.81,10.9,12.795,1.88,0.009606,0.00908,0.009771,1
orin,mobilenet-v2-050,2,MODE_30W,dvfs2,jetson,390.6,0.75,292.95,10,293.875,292.23,295.62,16.32,17.94,10.9,13.66,2.745,0.009351,0.009066,0.009451,1
orin,mobilenet-v2-050,2,MODE_30W,dvfs2,jetson,390.6,1.0,390.6,10,389.68,387.47,397.27,75.73,101.42,11.0,14.49,3.49,0.008979,0.008904,0.009219,1
orin,mobilenet-v2-050,3,MODE_50W,dvfs3,jetson,484.4,0.25,121.1,10,120.275,119.18,122.02,8.445,8.69,11.2,12.69,1.49,0.01234,0.010804,0.012712,1
orin,mobilenet-v2-050,3,MODE_50W,dvfs3,jetson,484.4,0.5,242.2,10,241.9,238.15,245.13,10.005,10.52,11.25,14.065,2.81,0.011608,0.011354,0.011883,1
orin,mobilenet-v2-050,3,MODE_50W,dvfs3,jetson,484.4,0.75,363.3,10,363.985,358.0,366.95,14.35,15.67,11.3,15.335,4.07,0.011166,0.011053,0.011465,1
orin,mobilenet-v2-050,3,MODE_50W,dvfs3,jetson,484.4,1.0,484.4,10,483.35,480.63,489.28,51.955,87.3,11.275,16.55,5.295,0.01093,0.010847,0.011157,1
orin,mobilenet-v2-100,0,MAXN,dvfs0,jetson,618.8,0.25,154.7,10,155.22,151.18,156.32,7.685,7.86,12.975,16.605,3.65,0.023491,0.022857,0.02422,1
orin,mobilenet-v2-100,0,MAXN,dvfs0,jetson,618.8,0.5,309.4,10,309.97,307.97,311.6,8.93,9.16,13.1,20.245,7.16,0.023127,0.022922,0.023524,1
orin,mobilenet-v2-100,0,MAXN,dvfs0,jetson,618.8,0.75,464.1,10,462.825,460.23,467.05,12.855,13.71,13.15,23.775,10.65,0.022923,0.022702,0.023119,1
orin,mobilenet-v2-100,0,MAXN,dvfs0,jetson,618.8,1.0,618.8,10,619.085,615.85,622.73,68.18,168.7,13.2,27.215,14.015,0.022678,0.022496,0.022759,1
orin,mobilenet-v2-100,1,MODE_15W,dvfs1,jetson,168.8,0.25,42.2,10,42.84,40.62,44.07,14.425,14.97,9.1,9.89,0.79,0.018565,0.017344,0.019324,1
orin,mobilenet-v2-100,1,MODE_15W,dvfs1,jetson,168.8,0.5,84.4,10,85.095,82.75,86.1,19.065,19.59,9.075,10.6,1.505,0.017759,0.017422,0.018954,1
orin,mobilenet-v2-100,1,MODE_15W,dvfs1,jetson,168.8,0.75,126.6,10,126.925,123.52,128.85,28.38,30.19,9.0,11.295,2.275,0.018046,0.017163,0.018285,1
orin,mobilenet-v2-100,1,MODE_15W,dvfs1,jetson,168.8,1.0,168.8,10,169.115,165.18,170.88,75.045,89.76,9.05,12.03,2.95,0.017646,0.017264,0.018046,1
orin,mobilenet-v2-100,2,MODE_30W,dvfs2,jetson,316.4,0.25,79.1,10,78.165,77.6,80.37,10.035,10.58,10.8,12.01,1.185,0.015266,0.013988,0.015851,1
orin,mobilenet-v2-100,2,MODE_30W,dvfs2,jetson,316.4,0.5,158.2,10,158.87,156.98,160.7,12.97,13.39,10.8,13.135,2.33,0.014686,0.014144,0.015059,1
orin,mobilenet-v2-100,2,MODE_30W,dvfs2,jetson,316.4,0.75,237.3,10,237.19,234.02,238.85,19.765,20.34,10.9,14.24,3.365,0.014147,0.014007,0.014531,1
orin,mobilenet-v2-100,2,MODE_30W,dvfs2,jetson,316.4,1.0,316.4,10,315.455,313.98,316.9,81.305,117.1,10.875,15.29,4.425,0.014004,0.013877,0.014285,1
orin,mobilenet-v2-100,3,MODE_50W,dvfs3,jetson,409.7,0.25,102.42,10,103.415,100.27,104.57,8.715,9.06,11.15,13.015,1.86,0.017966,0.017383,0.018705,1
orin,mobilenet-v2-100,3,MODE_50W,dvfs3,jetson,409.7,0.5,204.85,10,206.01,202.95,206.78,10.535,10.82,11.1,14.765,3.665,0.017779,0.017285,0.018049,1
orin,mobilenet-v2-100,3,MODE_50W,dvfs3,jetson,409.7,0.75,307.27,10,304.96,302.82,310.88,14.975,15.62,11.175,16.44,5.31,0.017308,0.01709,0.017608,1
orin,mobilenet-v2-100,3,MODE_50W,dvfs3,jetson,409.7,1.0,409.7,10,410.005,406.45,413.65,44.775,49.52,11.2,18.195,7.01,0.01707,0.016934,0.017362,1
orin-nano,efficientnet-b4,0,15W,dvfs0,jetson,18.4,0.25,4.6,10,4.485,4.33,4.78,48.815,54.16,6.3,7.425,1.1,0.242688,0.193995,0.253863,1
orin-nano,efficientnet-b4,0,15W,dvfs0,jetson,18.4,0.5,9.2,10,9.075,8.18,9.48,58.755,71.63,6.325,8.5,2.15,0.238935,0.229526,0.252834,1
orin-nano,efficientnet-b4,0,15W,dvfs0,jetson,18.4,0.75,13.8,10,13.59,13.22,14.23,70.89,74.4,6.35,9.58,3.25,0.24131,0.224607,0.246596,1
orin-nano,efficientnet-b4,0,15W,dvfs0,jetson,18.4,1.0,18.4,10,18.715,18.18,19.43,95.94,108.11,6.4,10.755,4.36,0.232151,0.225201,0.24035,1
orin-nano,efficientnet-b4,1,25W,dvfs1,jetson,28.8,0.25,7.2,10,7.015,6.67,7.93,44.515,46.68,6.7,8.475,1.69,0.243529,0.233883,0.253468,1
orin-nano,efficientnet-b4,1,25W,dvfs1,jetson,28.8,0.5,14.4,10,14.375,13.48,14.97,55.18,64.94,6.8,10.22,3.435,0.239422,0.233906,0.249163,1
orin-nano,efficientnet-b4,1,25W,dvfs1,jetson,28.8,0.75,21.6,10,21.62,20.5,22.23,71.015,77.68,6.725,11.905,5.18,0.241572,0.234346,0.247628,1
orin-nano,efficientnet-b4,1,25W,dvfs1,jetson,28.8,1.0,28.8,10,29.01,27.45,29.4,109.19,124.36,6.75,13.755,6.99,0.242114,0.23501,0.245537,1
orin-nano,efficientnet-b4,2,MAXN_SUPER,dvfs2,jetson,28.3,0.25,7.08,10,6.885,6.52,7.5,41.33,43.96,7.025,8.845,1.835,0.26312,0.233618,0.286558,1
orin-nano,efficientnet-b4,2,MAXN_SUPER,dvfs2,jetson,28.3,0.5,14.15,10,13.94,13.18,15.42,48.32,52.91,7.0,10.625,3.59,0.257561,0.24914,0.269347,1
orin-nano,efficientnet-b4,2,MAXN_SUPER,dvfs2,jetson,28.3,0.75,21.23,10,21.26,20.82,22.08,68.405,72.57,7.1,12.485,5.415,0.254385,0.247408,0.260789,1
orin-nano,efficientnet-b4,2,MAXN_SUPER,dvfs2,jetson,28.3,1.0,28.3,10,28.2,27.25,29.45,92.16,119.99,7.1,14.33,7.215,0.256056,0.251146,0.260792,1
orin-nano,efficientnet-b4,3,7W,dvfs3,jetson,2.0,0.25,0.5,10,0.515,0.28,0.67,62.425,69.61,5.6,5.73,0.115,0.240092,-0.184615,0.315789,1
orin-nano,efficientnet-b4,3,7W,dvfs3,jetson,2.0,0.5,1.0,10,0.995,0.73,1.15,64.14,115.03,5.6,5.865,0.28,0.271188,0.219178,0.410256,1
orin-nano,efficientnet-b4,3,7W,dvfs3,jetson,2.0,0.75,1.5,10,1.425,1.25,1.52,80.885,97.47,5.6,5.965,0.4,0.27864,0.230769,0.368,1
orin-nano,efficientnet-b4,3,7W,dvfs3,jetson,2.0,1.0,2.0,10,1.955,1.6,2.22,94.04,116.12,5.6,6.095,0.53,0.270451,0.251366,0.326829,1
orin-nano,mobilenet-v2-050,0,15W,dvfs0,jetson,494.2,0.25,123.55,10,124.39,122.83,126.88,5.835,6.0,6.3,7.395,1.095,0.008757,0.008379,0.009283,1
orin-nano,mobilenet-v2-050,0,15W,dvfs0,jetson,494.2,0.5,247.1,10,247.825,245.27,249.55,7.46,7.56,6.3,8.415,2.115,0.008557,0.008411,0.008672,1
orin-nano,mobilenet-v2-050,0,15W,dvfs0,jetson,494.2,0.75,370.65,10,370.565,365.12,373.28,11.23,11.78,6.3,9.39,3.085,0.008324,0.008176,0.008409,1
orin-nano,mobilenet-v2-050,0,15W,dvfs0,jetson,494.2,1.0,494.2,10,494.17,491.33,500.13,44.52,67.62,6.3,10.34,4.03,0.00816,0.00797,0.008219,1
orin-nano,mobilenet-v2-050,1,25W,dvfs1,jetson,618.4,0.25,154.6,10,153.85,152.07,155.2,5.065,5.1,6.7,8.105,1.405,0.009149,0.008902,0.009363,1
orin-nano,mobilenet-v2-050,1,25W,dvfs1,jetson,618.4,0.5,309.2,10,308.135,305.92,311.75,6.175,6.51,6.7,9.42,2.71,0.008825,0.008597,0.008877,1
orin-nano,mobilenet-v2-050,1,25W,dvfs1,jetson,618.4,0.75,463.8,10,464.88,462.23,469.03,9.725,10.21,6.725,10.665,3.945,0.008462,0.008298,0.008599,1
orin-nano,mobilenet-v2-050,1,25W,dvfs1,jetson,618.4,1.0,618.4,10,617.835,610.72,623.75,40.565,56.71,6.7,11.82,5.12,0.008289,0.008154,0.008311,1
orin-nano,mobilenet-v2-050,2,MAXN_SUPER,dvfs2,jetson,663.5,0.25,165.88,10,165.035,162.12,169.73,4.77,4.96,7.0,8.635,1.62,0.009798,0.009546,0.009993,1
orin-nano,mobilenet-v2-050,2,MAXN_SUPER,dvfs2,jetson,663.5,0.5,331.75,10,331.96,328.68,336.13,5.825,5.94,7.025,10.115,3.1,0.009336,0.009065,0.009392,1
orin-nano,mobilenet-v2-050,2,MAXN_SUPER,dvfs2,jetson,663.5,0.75,497.62,10,496.455,494.42,502.25,9.08,9.85,7.0,11.47,4.455,0.008987,0.008853,0.009037,1
orin-nano,mobilenet-v2-050,2,MAXN_SUPER,dvfs2,jetson,663.5,1.0,663.5,10,664.47,660.78,668.13,49.77,87.3,7.075,12.86,5.805,0.008719,0.008663,0.008799,1
orin-nano,mobilenet-v2-050,3,7W,dvfs3,jetson,268.3,0.25,67.08,10,66.965,65.47,68.67,9.975,10.55,5.6,6.24,0.65,0.009816,0.008979,0.011073,1
orin-nano,mobilenet-v2-050,3,7W,dvfs3,jetson,268.3,0.5,134.15,10,134.425,131.18,135.7,12.355,12.85,5.6,6.815,1.225,0.009108,0.008897,0.009896,1
orin-nano,mobilenet-v2-050,3,7W,dvfs3,jetson,268.3,0.75,201.23,10,202.04,199.52,205.13,20.085,24.08,5.6,7.4,1.8,0.008873,0.007969,0.009335,1
orin-nano,mobilenet-v2-050,3,7W,dvfs3,jetson,268.3,1.0,268.3,10,268.19,265.27,271.07,66.615,83.92,5.6,7.915,2.315,0.008649,0.008532,0.00887,1
orin-nano,mobilenet-v2-100,0,15W,dvfs0,jetson,353.9,0.25,88.47,10,88.845,87.37,90.25,7.565,7.76,6.3,7.73,1.42,0.015997,0.015152,0.016456,1
orin-nano,mobilenet-v2-100,0,15W,dvfs0,jetson,353.9,0.5,176.95,10,177.775,175.33,179.65,9.365,9.73,6.3,9.045,2.71,0.015357,0.014917,0.015571,1
orin-nano,mobilenet-v2-100,0,15W,dvfs0,jetson,353.9,0.75,265.42,10,265.84,260.03,267.1,14.56,15.72,6.35,10.33,3.98,0.014941,0.014776,0.015275,1
orin-nano,mobilenet-v2-100,0,15W,dvfs0,jetson,353.9,1.0,353.9,10,353.845,350.3,357.98,48.195,57.3,6.3,11.515,5.19,0.014693,0.014422,0.01493,1
orin-nano,mobilenet-v2-100,1,25W,dvfs1,jetson,446.9,0.25,111.72,10,112.075,109.55,113.87,6.255,6.47,6.7,8.505,1.795,0.016169,0.015556,0.016334,1
orin-nano,mobilenet-v2-100,1,25W,dvfs1,jetson,446.9,0.5,223.45,10,223.735,221.63,226.52,8.345,8.7,6.775,10.21,3.45,0.015474,0.015168,0.015804,1
orin-nano,mobilenet-v2-100,1,25W,dvfs1,jetson,446.9,0.75,335.17,10,334.87,331.33,340.08,12.905,13.54,6.7,11.825,5.125,0.015326,0.015045,0.015434,1
orin-nano,mobilenet-v2-100,1,25W,dvfs1,jetson,446.9,1.0,446.9,10,446.34,442.63,453.12,55.055,84.96,6.8,13.49,6.755,0.015055,0.014981,0.015285,1
orin-nano,mobilenet-v2-100,2,MAXN_SUPER,dvfs2,jetson,494.8,0.25,123.7,10,123.835,121.27,126.28,5.97,6.11,7.05,9.165,2.11,0.017013,0.016487,0.017561,1
orin-nano,mobilenet-v2-100,2,MAXN_SUPER,dvfs2,jetson,494.8,0.5,247.4,10,246.915,245.08,250.62,7.86,8.25,7.0,11.14,4.1,0.016562,0.016355,0.016902,1
orin-nano,mobilenet-v2-100,2,MAXN_SUPER,dvfs2,jetson,494.8,0.75,371.1,10,371.18,368.88,373.48,12.945,13.85,7.025,13.09,6.055,0.01628,0.016088,0.016495,1
orin-nano,mobilenet-v2-100,2,MAXN_SUPER,dvfs2,jetson,494.8,1.0,494.8,10,493.39,488.95,497.45,126.315,187.29,7.1,15.04,7.96,0.01612,0.016005,0.0163,1
orin-nano,mobilenet-v2-100,3,7W,dvfs3,jetson,177.0,0.25,44.25,10,44.79,42.33,46.07,12.975,13.34,5.5,6.335,0.82,0.018471,0.016453,0.019887,1
orin-nano,mobilenet-v2-100,3,7W,dvfs3,jetson,177.0,0.5,88.5,10,88.45,86.72,89.7,17.795,18.82,5.6,7.04,1.445,0.016288,0.016022,0.017162,1
orin-nano,mobilenet-v2-100,3,7W,dvfs3,jetson,177.0,0.75,132.75,10,134.095,131.25,136.35,27.635,30.32,5.6,7.73,2.13,0.015952,0.015695,0.016312,1
orin-nano,mobilenet-v2-100,3,7W,dvfs3,jetson,177.0,1.0,177.0,10,177.075,174.62,180.35,89.93,173.28,5.6,8.395,2.78,0.015776,0.015481,0.016926,1
rasp5,mobilenet-v2-050,0,fixed,dvfs0,sbc_npu,42.9,0.25,10.72,10,10.725,10.05,11.3,36.935,39.28,4.8,5.9,1.1,0.103211,0.092453,0.105505,1
rasp5,mobilenet-v2-050,0,fixed,dvfs0,sbc_npu,42.9,0.5,21.45,10,21.3,20.1,21.78,45.055,48.58,4.825,7.035,2.165,0.104093,0.097538,0.106824,1
rasp5,mobilenet-v2-050,0,fixed,dvfs0,sbc_npu,42.9,0.75,32.17,10,32.085,31.2,33.7,57.15,65.51,4.825,8.2,3.305,0.103931,0.100365,0.107889,1
rasp5,mobilenet-v2-050,0,fixed,dvfs0,sbc_npu,42.9,1.0,42.9,10,42.84,41.5,44.95,86.63,102.68,4.8,9.365,4.565,0.105421,0.104717,0.107168,1
rasp5,mobilenet-v2-100,0,fixed,dvfs0,sbc_npu,12.7,0.25,3.17,10,3.05,2.73,3.58,61.085,70.21,4.8,5.405,0.6,0.202284,0.175074,0.213415,1
rasp5,mobilenet-v2-100,0,fixed,dvfs0,sbc_npu,12.7,0.5,6.35,10,6.455,6.03,6.82,70.965,79.21,4.8,6.12,1.32,0.205379,0.191736,0.210769,1
rasp5,mobilenet-v2-100,0,fixed,dvfs0,sbc_npu,12.7,0.75,9.52,10,9.46,8.82,9.78,84.055,98.09,4.8,6.79,1.965,0.208528,0.205495,0.218653,1
rasp5,mobilenet-v2-100,0,fixed,dvfs0,sbc_npu,12.7,1.0,12.7,10,12.75,11.88,13.52,92.005,113.33,4.8,7.51,2.68,0.211294,0.204882,0.222222,1
xavier,efficientnet-b4,0,MODE_15W_2CORE,dvfs0,jetson,7.8,0.25,1.95,10,1.835,1.53,2.1,61.645,78.88,9.725,10.805,1.115,0.613042,0.394444,0.687117,1
xavier,efficientnet-b4,0,MODE_15W_2CORE,dvfs0,jetson,7.8,0.5,3.9,10,3.925,3.28,4.2,78.095,79.91,9.625,12.025,2.4,0.606731,0.578667,0.631098,1
xavier,efficientnet-b4,0,MODE_15W_2CORE,dvfs0,jetson,7.8,0.75,5.85,10,5.72,5.28,6.08,82.605,87.3,9.65,13.13,3.45,0.605163,0.549822,0.642202,1
xavier,efficientnet-b4,0,MODE_15W_2CORE,dvfs0,jetson,7.8,1.0,7.8,10,7.79,7.1,8.47,88.94,116.02,9.7,14.305,4.655,0.599433,0.565823,0.6175,1
xavier,efficientnet-b4,1,MODE_15W_4CORE,dvfs1,jetson,8.4,0.25,2.1,10,2.045,1.78,2.47,63.375,79.24,9.8,11.1,1.335,0.626924,0.544554,0.715789,1
xavier,efficientnet-b4,1,MODE_15W_4CORE,dvfs1,jetson,8.4,0.5,4.2,10,4.245,4.12,4.62,78.205,83.75,9.75,12.275,2.525,0.59909,0.547393,0.63466,1
xavier,efficientnet-b4,1,MODE_15W_4CORE,dvfs1,jetson,8.4,0.75,6.3,10,6.375,6.17,6.83,83.93,95.66,9.8,13.62,3.8,0.59634,0.554295,0.625183,1
xavier,efficientnet-b4,1,MODE_15W_4CORE,dvfs1,jetson,8.4,1.0,8.4,10,8.625,8.15,9.7,91.765,100.35,9.8,14.85,5.065,0.58841,0.564162,0.617178,1
xavier,efficientnet-b4,2,MODE_15W_6CORE,dvfs2,jetson,9.2,0.25,2.3,10,2.225,1.95,2.48,59.805,79.94,9.9,11.295,1.395,0.621396,0.561181,0.651282,1
xavier,efficientnet-b4,2,MODE_15W_6CORE,dvfs2,jetson,9.2,0.5,4.6,10,4.6,4.38,5.05,79.905,90.09,9.9,12.67,2.75,0.597894,0.557778,0.610879,1
xavier,efficientnet-b4,2,MODE_15W_6CORE,dvfs2,jetson,9.2,0.75,6.9,10,6.86,6.32,7.15,87.035,97.45,9.9,13.945,3.995,0.598558,0.572059,0.625392,1
xavier,efficientnet-b4,2,MODE_15W_6CORE,dvfs2,jetson,9.2,1.0,9.2,10,8.86,8.42,9.97,102.48,127.39,9.95,15.21,5.31,0.591162,0.568706,0.61793,1
xavier,efficientnet-b4,3,MODE_10W_2CORE,dvfs3,jetson,5.5,0.25,1.38,10,1.285,1.08,1.5,59.73,92.34,9.425,10.015,0.595,0.470668,0.348214,0.6,1
xavier,efficientnet-b4,3,MODE_10W_2CORE,dvfs3,jetson,5.5,0.5,2.75,10,2.645,2.37,3.18,87.43,93.56,9.3,10.655,1.315,0.501852,0.438819,0.535581,1
xavier,efficientnet-b4,3,MODE_10W_2CORE,dvfs3,jetson,5.5,0.75,4.12,10,4.1,3.7,4.43,95.295,101.34,9.45,11.32,1.925,0.461265,0.432432,0.485294,1
xavier,efficientnet-b4,3,MODE_10W_2CORE,dvfs3,jetson,5.5,1.0,5.5,10,5.41,4.93,5.93,100.755,110.78,9.325,11.925,2.515,0.474526,0.444643,0.5,1
xavier,efficientnet-b4,4,MODE_10W_4CORE,dvfs4,jetson,5.2,0.25,1.3,10,1.255,1.05,1.42,62.16,82.96,9.425,10.055,0.63,0.498868,0.204918,0.619048,1
xavier,efficientnet-b4,4,MODE_10W_4CORE,dvfs4,jetson,5.2,0.5,2.6,10,2.59,2.25,3.02,83.715,95.3,9.4,10.63,1.205,0.503333,0.406977,0.566116,1
xavier,efficientnet-b4,4,MODE_10W_4CORE,dvfs4,jetson,5.2,0.75,3.9,10,3.865,3.27,4.42,95.66,107.2,9.4,11.29,1.915,0.472807,0.428571,0.496104,1
xavier,efficientnet-b4,4,MODE_10W_4CORE,dvfs4,jetson,5.2,1.0,5.2,10,5.165,4.85,5.32,98.615,102.55,9.425,11.835,2.39,0.474353,0.438462,0.492481,1
xavier,efficientnet-b4,5,MODE_10W_DESKTOP,dvfs5,jetson,1.1,0.25,0.28,10,0.27,0.23,0.37,72.97,84.41,9.5,9.725,0.235,0.902467,0.296296,1.304348,1
xavier,efficientnet-b4,5,MODE_10W_DESKTOP,dvfs5,jetson,1.1,0.5,0.55,10,0.55,0.48,0.6,73.18,100.06,9.5,9.89,0.405,0.737069,0.633333,0.9375,1
xavier,efficientnet-b4,5,MODE_10W_DESKTOP,dvfs5,jetson,1.1,0.75,0.83,10,0.775,0.6,1.02,84.24,132.42,9.5,9.97,0.46,0.590919,0.3,0.747126,1
xavier,efficientnet-b4,5,MODE_10W_DESKTOP,dvfs5,jetson,1.1,1.0,1.1,10,1.115,0.85,1.48,98.11,116.43,9.5,10.195,0.71,0.619659,0.47619,0.742857,1
xavier,efficientnet-b4,6,MODE_20W_2CORE,dvfs6,jetson,8.4,0.25,2.1,10,2.1,1.93,2.3,49.27,64.88,10.1,11.395,1.27,0.600302,0.504505,0.675556,1
xavier,efficientnet-b4,6,MODE_20W_2CORE,dvfs6,jetson,8.4,0.5,4.2,10,4.16,3.83,4.6,68.78,74.48,10.125,12.595,2.455,0.585619,0.555276,0.635714,1
xavier,efficientnet-b4,6,MODE_20W_2CORE,dvfs6,jetson,8.4,0.75,6.3,10,6.265,5.95,7.03,79.87,82.55,10.1,13.76,3.675,0.588488,0.554765,0.616807,1
xavier,efficientnet-b4,6,MODE_20W_2CORE,dvfs6,jetson,8.4,1.0,8.4,10,8.3,7.93,9.1,85.895,98.97,10.125,15.02,4.895,0.583133,0.526012,0.612791,1
xavier,efficientnet-b4,7,MODE_20W_4CORE,dvfs7,jetson,9.7,0.25,2.42,10,2.3,1.9,2.78,62.835,71.95,10.2,11.65,1.38,0.608537,0.560311,0.697959,1
xavier,efficientnet-b4,7,MODE_20W_4CORE,dvfs7,jetson,9.7,0.5,4.85,10,4.625,4.23,4.9,74.13,79.27,10.2,12.975,2.775,0.590163,0.55792,0.632653,1
xavier,efficientnet-b4,7,MODE_20W_4CORE,dvfs7,jetson,9.7,0.75,7.27,10,7.205,6.43,8.07,82.79,85.46,10.2,14.475,4.31,0.596425,0.57953,0.608571,1
xavier,efficientnet-b4,7,MODE_20W_4CORE,dvfs7,jetson,9.7,1.0,9.7,10,9.905,9.67,10.82,93.835,112.38,10.25,16.24,5.915,0.592916,0.581441,0.623364,1
xavier,efficientnet-b4,8,MODE_20W_6CORE,dvfs8,jetson,10.7,0.25,2.67,10,2.68,2.47,3.12,65.815,73.45,10.3,11.97,1.66,0.603046,0.460317,0.732794,1
xavier,efficientnet-b4,8,MODE_20W_6CORE,dvfs8,jetson,10.7,0.5,5.35,10,5.415,5.13,5.78,77.68,79.9,10.35,13.465,3.18,0.591268,0.543986,0.633517,1
xavier,efficientnet-b4,8,MODE_20W_6CORE,dvfs8,jetson,10.7,0.75,8.02,10,8.275,7.87,8.6,87.06,95.1,10.325,15.255,4.915,0.591973,0.56925,0.607488,1
xavier,efficientnet-b4,8,MODE_20W_6CORE,dvfs8,jetson,10.7,1.0,10.7,10,10.775,10.02,11.43,104.055,119.06,10.4,16.86,6.485,0.59455,0.573896,0.610377,1
xavier,mobilenet-v2-050,0,MODE_15W_2CORE,dvfs0,jetson,256.2,0.25,64.05,10,64.105,63.62,65.47,12.535,12.96,9.55,11.235,1.715,0.02677,0.022703,0.027952,1
xavier,mobilenet-v2-050,0,MODE_15W_2CORE,dvfs0,jetson,256.2,0.5,128.1,10,128.86,126.02,132.72,17.38,17.89,9.7,12.74,3.055,0.023741,0.022933,0.024627,1
xavier,mobilenet-v2-050,0,MODE_15W_2CORE,dvfs0,jetson,256.2,0.75,192.15,10,190.6,188.92,192.78,26.395,28.83,9.6,14.16,4.525,0.023788,0.022922,0.024422,1
xavier,mobilenet-v2-050,0,MODE_15W_2CORE,dvfs0,jetson,256.2,1.0,256.2,10,257.035,252.47,259.75,72.225,92.18,9.65,15.655,6.005,0.023478,0.022627,0.023813,1
xavier,mobilenet-v2-050,1,MODE_15W_4CORE,dvfs1,jetson,275.0,0.25,68.75,10,68.625,66.78,70.12,12.325,12.9,9.7,11.44,1.725,0.02544,0.023648,0.026952,1
xavier,mobilenet-v2-050,1,MODE_15W_4CORE,dvfs1,jetson,275.0,0.5,137.5,10,137.485,135.07,140.25,15.475,16.63,9.8,13.0,3.235,0.023426,0.022312,0.024848,1
xavier,mobilenet-v2-050,1,MODE_15W_4CORE,dvfs1,jetson,275.0,0.75,206.25,10,206.4,204.07,207.73,24.165,24.87,9.8,14.53,4.77,0.023051,0.022575,0.02363,1
xavier,mobilenet-v2-050,1,MODE_15W_4CORE,dvfs1,jetson,275.0,1.0,275.0,10,275.3,271.77,280.87,81.06,129.98,9.7,16.03,6.295,0.022866,0.022252,0.023074,1
xavier,mobilenet-v2-050,2,MODE_15W_6CORE,dvfs2,jetson,287.5,0.25,71.88,10,71.2,70.38,72.48,11.91,12.23,9.875,11.61,1.74,0.024455,0.021539,0.02616,1
xavier,mobilenet-v2-050,2,MODE_15W_6CORE,dvfs2,jetson,287.5,0.5,143.75,10,144.825,141.58,145.72,15.555,16.18,9.875,13.25,3.39,0.023407,0.021722,0.024015,1
xavier,mobilenet-v2-050,2,MODE_15W_6CORE,dvfs2,jetson,287.5,0.75,215.62,10,215.86,212.15,218.38,23.745,24.71,9.9,14.82,4.95,0.02301,0.022189,0.023639,1
xavier,mobilenet-v2-050,2,MODE_15W_6CORE,dvfs2,jetson,287.5,1.0,287.5,10,288.015,285.9,292.93,81.765,128.06,9.875,16.415,6.515,0.022713,0.021951,0.023091,1
xavier,mobilenet-v2-050,3,MODE_10W_2CORE,dvfs3,jetson,218.8,0.25,54.7,10,54.25,53.35,55.17,14.26,15.14,9.4,10.52,1.07,0.019765,0.017222,0.022202,1
xavier,mobilenet-v2-050,3,MODE_10W_2CORE,dvfs3,jetson,218.8,0.5,109.4,10,109.515,106.95,111.47,19.65,20.23,9.4,11.49,2.105,0.01919,0.018449,0.019822,1
xavier,mobilenet-v2-050,3,MODE_10W_2CORE,dvfs3,jetson,218.8,0.75,164.1,10,164.08,161.33,167.72,31.57,36.21,9.4,12.475,3.05,0.018666,0.017294,0.019361,1
xavier,mobilenet-v2-050,3,MODE_10W_2CORE,dvfs3,jetson,218.8,1.0,218.8,10,217.68,215.65,221.23,87.23,841.04,9.4,13.415,4.0,0.018434,0.018033,0.018804,1
xavier,mobilenet-v2-050,4,MODE_10W_4CORE,dvfs4,jetson,225.6,0.25,56.4,10,55.64,54.95,57.87,13.625,13.88,9.525,10.605,1.06,0.019103,0.016522,0.021654,1
xavier,mobilenet-v2-050,4,MODE_10W_4CORE,dvfs4,jetson,225.6,0.5,112.8,10,113.155,111.02,114.72,17.395,18.01,9.5,11.61,2.15,0.018891,0.016674,0.019726,1
xavier,mobilenet-v2-050,4,MODE_10W_4CORE,dvfs4,jetson,225.6,0.75,169.2,10,169.49,165.57,170.15,25.995,27.87,9.5,12.59,3.1,0.018405,0.017573,0.018813,1
xavier,mobilenet-v2-050,4,MODE_10W_4CORE,dvfs4,jetson,225.6,1.0,225.6,10,226.875,224.67,229.57,61.205,119.66,9.5,13.585,4.095,0.018006,0.01727,0.018571,1
xavier,mobilenet-v2-050,5,MODE_10W_DESKTOP,dvfs5,jetson,212.5,0.25,53.12,10,53.1,51.23,54.57,13.59,14.07,9.575,10.93,1.365,0.025509,0.023006,0.027177,1
xavier,mobilenet-v2-050,5,MODE_10W_DESKTOP,dvfs5,jetson,212.5,0.5,106.25,10,105.9,104.67,107.2,17.755,18.37,9.6,12.12,2.545,0.024018,0.022643,0.025031,1
xavier,mobilenet-v2-050,5,MODE_10W_DESKTOP,dvfs5,jetson,212.5,0.75,159.38,10,158.895,156.52,159.55,26.07,29.24,9.6,13.275,3.665,0.023067,0.022375,0.024204,1
xavier,mobilenet-v2-050,5,MODE_10W_DESKTOP,dvfs5,jetson,212.5,1.0,212.5,10,213.86,210.47,216.37,86.66,147.45,9.575,14.515,4.925,0.023102,0.021906,0.023502,1
xavier,mobilenet-v2-050,6,MODE_20W_2CORE,dvfs6,jetson,273.1,0.25,68.28,10,68.165,66.47,69.57,11.795,12.51,10.15,11.91,1.745,0.025723,0.024336,0.027742,1
xavier,mobilenet-v2-050,6,MODE_20W_2CORE,dvfs6,jetson,273.1,0.5,136.55,10,137.04,134.87,139.88,15.9,17.05,10.1,13.51,3.425,0.02488,0.024303,0.025507,1
xavier,mobilenet-v2-050,6,MODE_20W_2CORE,dvfs6,jetson,273.1,0.75,204.83,10,204.145,202.32,206.15,24.14,26.91,10.1,15.1,4.97,0.024456,0.023527,0.024636,1
xavier,mobilenet-v2-050,6,MODE_20W_2CORE,dvfs6,jetson,273.1,1.0,273.1,10,273.91,269.72,276.98,64.2,82.35,10.15,16.675,6.5,0.023815,0.023306,0.024062,1
xavier,mobilenet-v2-050,7,MODE_20W_4CORE,dvfs7,jetson,287.5,0.25,71.88,10,71.225,70.12,73.02,11.89,12.35,10.325,12.105,1.795,0.024752,0.023151,0.026754,1
xavier,mobilenet-v2-050,7,MODE_20W_4CORE,dvfs7,jetson,287.5,0.5,143.75,10,143.82,141.08,147.2,15.525,15.8,10.2,13.74,3.52,0.024386,0.023696,0.024796,1
xavier,mobilenet-v2-050,7,MODE_20W_4CORE,dvfs7,jetson,287.5,0.75,215.62,10,215.98,213.77,218.82,24.055,25.5,10.225,15.335,5.1,0.023529,0.022828,0.024109,1
xavier,mobilenet-v2-050,7,MODE_20W_4CORE,dvfs7,jetson,287.5,1.0,287.5,10,288.2,286.63,290.52,73.285,91.38,10.3,16.94,6.64,0.023063,0.022324,0.023445,1
xavier,mobilenet-v2-050,8,MODE_20W_6CORE,dvfs8,jetson,300.0,0.25,75.0,10,75.375,74.17,77.68,11.685,12.0,10.475,12.285,1.825,0.024391,0.019887,0.026278,1
xavier,mobilenet-v2-050,8,MODE_20W_6CORE,dvfs8,jetson,300.0,0.5,150.0,10,149.845,147.07,151.3,15.01,15.61,10.3,13.985,3.655,0.024442,0.023331,0.024903,1
xavier,mobilenet-v2-050,8,MODE_20W_6CORE,dvfs8,jetson,300.0,0.75,225.0,10,226.525,223.27,227.52,23.04,24.79,10.45,15.675,5.235,0.023037,0.022746,0.023754,1
xavier,mobilenet-v2-050,8,MODE_20W_6CORE,dvfs8,jetson,300.0,1.0,300.0,10,299.46,296.55,303.57,93.23,119.13,10.425,17.35,6.905,0.023079,0.022728,0.02352,1
xavier,mobilenet-v2-100,0,MODE_15W_2CORE,dvfs0,jetson,211.2,0.25,52.8,10,52.785,51.27,55.5,13.875,14.72,9.65,11.84,2.185,0.042072,0.037086,0.042481,1
xavier,mobilenet-v2-100,0,MODE_15W_2CORE,dvfs0,jetson,211.2,0.5,105.6,10,105.175,103.05,107.8,18.63,19.42,9.7,13.995,4.315,0.040932,0.040466,0.042415,1
xavier,mobilenet-v2-100,0,MODE_15W_2CORE,dvfs0,jetson,211.2,0.75,158.4,10,157.83,156.75,159.73,30.31,32.21,9.6,16.155,6.535,0.041263,0.040627,0.041738,1
xavier,mobilenet-v2-100,0,MODE_15W_2CORE,dvfs0,jetson,211.2,1.0,211.2,10,211.3,208.53,212.88,81.475,86.9,9.7,18.295,8.545,0.040723,0.040034,0.041332,1
xavier,mobilenet-v2-100,1,MODE_15W_4CORE,dvfs1,jetson,216.1,0.25,54.02,10,53.955,53.43,55.25,13.89,14.14,9.825,12.04,2.185,0.040535,0.039578,0.042298,1
xavier,mobilenet-v2-100,1,MODE_15W_4CORE,dvfs1,jetson,216.1,0.5,108.05,10,108.55,105.88,110.13,17.74,18.3,9.8,14.13,4.33,0.039955,0.038957,0.041217,1
xavier,mobilenet-v2-100,1,MODE_15W_4CORE,dvfs1,jetson,216.1,0.75,162.07,10,162.025,158.82,163.02,25.82,27.68,9.8,16.195,6.41,0.039614,0.038824,0.040596,1
xavier,mobilenet-v2-100,1,MODE_15W_4CORE,dvfs1,jetson,216.1,1.0,216.1,10,216.77,212.55,220.23,71.375,82.77,9.8,18.36,8.56,0.039538,0.038861,0.039793,1
xavier,mobilenet-v2-100,2,MODE_15W_6CORE,dvfs2,jetson,219.4,0.25,54.85,10,55.43,53.37,56.28,13.66,13.99,9.9,12.165,2.27,0.041128,0.036784,0.043052,1
xavier,mobilenet-v2-100,2,MODE_15W_6CORE,dvfs2,jetson,219.4,0.5,109.7,10,110.815,109.08,112.52,17.13,18.08,9.8,14.315,4.475,0.040469,0.038651,0.04145,1
xavier,mobilenet-v2-100,2,MODE_15W_6CORE,dvfs2,jetson,219.4,0.75,164.55,10,164.6,162.28,168.27,25.015,27.18,9.825,16.41,6.555,0.0399,0.038883,0.040251,1
xavier,mobilenet-v2-100,2,MODE_15W_6CORE,dvfs2,jetson,219.4,1.0,219.4,10,219.83,216.83,221.6,73.315,108.56,9.9,18.545,8.62,0.039235,0.038677,0.040308,1
xavier,mobilenet-v2-100,3,MODE_10W_2CORE,dvfs3,jetson,170.6,0.25,42.65,10,42.785,41.0,44.37,16.125,16.68,9.4,10.86,1.455,0.034521,0.028848,0.035927,1
xavier,mobilenet-v2-100,3,MODE_10W_2CORE,dvfs3,jetson,170.6,0.5,85.3,10,85.605,83.52,87.5,21.12,21.95,9.4,12.15,2.775,0.032208,0.031666,0.034119,1
xavier,mobilenet-v2-100,3,MODE_10W_2CORE,dvfs3,jetson,170.6,0.75,127.95,10,127.715,124.82,129.83,31.43,33.86,9.35,13.465,4.075,0.032086,0.030857,0.032761,1
xavier,mobilenet-v2-100,3,MODE_10W_2CORE,dvfs3,jetson,170.6,1.0,170.6,10,169.925,166.68,173.55,75.875,97.8,9.4,14.7,5.295,0.031325,0.030908,0.031979,1
xavier,mobilenet-v2-100,4,MODE_10W_4CORE,dvfs4,jetson,169.8,0.25,42.45,10,42.785,40.77,43.63,15.57,15.88,9.5,10.855,1.345,0.031675,0.028192,0.034584,1
xavier,mobilenet-v2-100,4,MODE_10W_4CORE,dvfs4,jetson,169.8,0.5,84.9,10,85.735,83.4,86.28,19.625,20.08,9.4,12.16,2.75,0.032019,0.030023,0.033088,1
xavier,mobilenet-v2-100,4,MODE_10W_4CORE,dvfs4,jetson,169.8,0.75,127.35,10,126.95,125.93,130.15,28.29,29.58,9.45,13.405,3.95,0.03093,0.029965,0.031698,1
xavier,mobilenet-v2-100,4,MODE_10W_4CORE,dvfs4,jetson,169.8,1.0,169.8,10,170.235,166.12,171.55,55.475,81.19,9.425,14.69,5.23,0.030722,0.029671,0.031339,1
xavier,mobilenet-v2-100,5,MODE_10W_DESKTOP,dvfs5,jetson,145.9,0.25,36.48,10,36.65,35.02,37.83,17.28,17.76,9.475,11.06,1.6,0.042886,0.037693,0.046091,1
xavier,mobilenet-v2-100,5,MODE_10W_DESKTOP,dvfs5,jetson,145.9,0.5,72.95,10,72.99,72.02,74.53,22.8,23.53,9.5,12.42,2.925,0.040369,0.038335,0.041627,1
xavier,mobilenet-v2-100,5,MODE_10W_DESKTOP,dvfs5,jetson,145.9,0.75,109.43,10,109.215,107.2,110.0,33.65,39.19,9.525,13.785,4.225,0.039004,0.03808,0.040092,1
xavier,mobilenet-v2-100,5,MODE_10W_DESKTOP,dvfs5,jetson,145.9,1.0,145.9,10,146.675,144.48,147.98,104.94,146.27,9.525,15.215,5.655,0.038578,0.037239,0.03921,1
xavier,mobilenet-v2-100,6,MODE_20W_2CORE,dvfs6,jetson,219.4,0.25,54.85,10,55.025,53.27,55.98,13.18,13.84,10.1,12.42,2.33,0.042161,0.032252,0.044298,1
xavier,mobilenet-v2-100,6,MODE_20W_2CORE,dvfs6,jetson,219.4,0.5,109.7,10,110.15,108.02,111.97,17.52,17.83,10.05,14.665,4.625,0.04175,0.040547,0.042626,1
xavier,mobilenet-v2-100,6,MODE_20W_2CORE,dvfs6,jetson,219.4,0.75,164.55,10,163.73,162.02,165.73,26.58,28.41,10.175,16.76,6.63,0.040302,0.039078,0.040881,1
xavier,mobilenet-v2-100,6,MODE_20W_2CORE,dvfs6,jetson,219.4,1.0,219.4,10,219.605,217.03,221.92,66.135,87.39,10.175,18.985,8.83,0.040129,0.039658,0.040916,1
xavier,mobilenet-v2-100,7,MODE_20W_4CORE,dvfs7,jetson,227.5,0.25,56.88,10,56.7,55.8,58.9,13.27,13.58,10.25,12.62,2.35,0.041501,0.038509,0.043717,1
xavier,mobilenet-v2-100,7,MODE_20W_4CORE,dvfs7,jetson,227.5,0.5,113.75,10,113.94,112.18,114.83,16.85,17.6,10.2,14.88,4.615,0.040858,0.039298,0.042057,1
xavier,mobilenet-v2-100,7,MODE_20W_4CORE,dvfs7,jetson,227.5,0.75,170.62,10,170.765,168.1,174.92,25.49,26.71,10.225,17.09,6.845,0.040145,0.039029,0.040561,1
xavier,mobilenet-v2-100,7,MODE_20W_4CORE,dvfs7,jetson,227.5,1.0,227.5,10,227.175,224.97,229.63,72.15,99.81,10.25,19.335,9.095,0.039894,0.039341,0.040472,1
xavier,mobilenet-v2-100,8,MODE_20W_6CORE,dvfs8,jetson,235.6,0.25,58.9,10,59.315,57.2,60.17,13.295,13.85,10.35,12.835,2.495,0.042281,0.039161,0.043852,1
xavier,mobilenet-v2-100,8,MODE_20W_6CORE,dvfs8,jetson,235.6,0.5,117.8,10,118.125,115.15,120.27,16.935,17.78,10.3,15.095,4.835,0.040609,0.039476,0.041582,1
xavier,mobilenet-v2-100,8,MODE_20W_6CORE,dvfs8,jetson,235.6,0.75,176.7,10,176.94,175.58,180.47,25.565,27.74,10.375,17.38,7.075,0.039584,0.03884,0.040339,1
xavier,mobilenet-v2-100,8,MODE_20W_6CORE,dvfs8,jetson,235.6,1.0,235.6,10,235.84,232.33,237.28,75.155,98.06,10.3,19.695,9.38,0.03987,0.039393,0.040181,1
